{
  "phase": "Phase TF2",
  "stage": "target_lag_coupling_diagnostic",
  "diagnostic_only": true,
  "end_to_end_summary": {
    "baseline_plain_raw": {
      "live_target_snapshot": {
        "mean_val_accuracy": 0.8246913580246913,
        "std_val_accuracy": 0.028741843769932898,
        "mean_test_accuracy": 0.8197530864197531,
        "std_test_accuracy": 0.027104319012469347,
        "mean_gate_passing_epoch_count": 27.666666666666668,
        "mean_val_transported_final_energy": 0.3070547870776022,
        "mean_total_wall_time_seconds": 25.099410566675942,
        "std_total_wall_time_seconds": 0.2294597454710564
      },
      "lag1_target_snapshot": {
        "mean_val_accuracy": 0.8246913580246913,
        "std_val_accuracy": 0.028741843769932898,
        "mean_test_accuracy": 0.8197530864197531,
        "std_test_accuracy": 0.027104319012469347,
        "mean_gate_passing_epoch_count": 27.666666666666668,
        "mean_val_transported_final_energy": 0.3070087552852322,
        "mean_total_wall_time_seconds": 25.65760906667371,
        "std_total_wall_time_seconds": 0.024884402514320458
      }
    },
    "residualized_local_field_poly_rt2": {
      "live_target_snapshot": {
        "mean_val_accuracy": 0.7592592592592592,
        "std_val_accuracy": 0.026363156177855077,
        "mean_test_accuracy": 0.780246913580247,
        "std_test_accuracy": 0.015220775315972804,
        "mean_gate_passing_epoch_count": 26.333333333333332,
        "mean_val_transported_final_energy": 0.30582114546803274,
        "mean_total_wall_time_seconds": 25.65769469999941,
        "std_total_wall_time_seconds": 0.0585247741288479
      },
      "lag1_target_snapshot": {
        "mean_val_accuracy": 0.7592592592592592,
        "std_val_accuracy": 0.026363156177855077,
        "mean_test_accuracy": 0.780246913580247,
        "std_test_accuracy": 0.015220775315972804,
        "mean_gate_passing_epoch_count": 26.333333333333332,
        "mean_val_transported_final_energy": 0.30578567411245855,
        "mean_total_wall_time_seconds": 25.63873366668122,
        "std_total_wall_time_seconds": 0.4028127152434085
      }
    }
  },
  "target_drift_summary": {
    "baseline_plain_raw": {
      "live_target_snapshot": {
        "mean_relative_bootstrap_target_delta": 0.08109537194886289,
        "mean_relative_identity_target_delta": 0.0022339942960808955,
        "mean_bootstrap_target_cosine_similarity": 0.9957261058215702,
        "mean_identity_target_cosine_similarity": 0.9999965569931148
      },
      "lag1_target_snapshot": {
        "mean_relative_bootstrap_target_delta": 0.08105479865520326,
        "mean_relative_identity_target_delta": 0.002232704322079465,
        "mean_bootstrap_target_cosine_similarity": 0.9957292010229706,
        "mean_identity_target_cosine_similarity": 0.9999965602136178
      }
    },
    "residualized_local_field_poly_rt2": {
      "live_target_snapshot": {
        "mean_relative_bootstrap_target_delta": 0.08863130355394895,
        "mean_relative_identity_target_delta": 0.0018876863288327134,
        "mean_bootstrap_target_cosine_similarity": 0.9950552183930984,
        "mean_identity_target_cosine_similarity": 0.9999978056733861
      },
      "lag1_target_snapshot": {
        "mean_relative_bootstrap_target_delta": 0.08858398266455636,
        "mean_relative_identity_target_delta": 0.0018866267432898864,
        "mean_bootstrap_target_cosine_similarity": 0.9950592478005031,
        "mean_identity_target_cosine_similarity": 0.9999978079039661
      }
    }
  },
  "pairwise_vs_baseline_live_target": {
    "baseline_plain_raw__live_target_snapshot": {
      "mean_val_accuracy_delta": 0.0,
      "mean_test_accuracy_delta": 0.0,
      "mean_runtime_delta": 0.0
    },
    "baseline_plain_raw__lag1_target_snapshot": {
      "mean_val_accuracy_delta": 0.0,
      "mean_test_accuracy_delta": 0.0,
      "mean_runtime_delta": 0.5581984999977673
    },
    "residualized_local_field_poly_rt2__live_target_snapshot": {
      "mean_val_accuracy_delta": -0.0654320987654321,
      "mean_test_accuracy_delta": -0.03950617283950616,
      "mean_runtime_delta": 0.5582841333234683
    },
    "residualized_local_field_poly_rt2__lag1_target_snapshot": {
      "mean_val_accuracy_delta": -0.0654320987654321,
      "mean_test_accuracy_delta": -0.03950617283950616,
      "mean_runtime_delta": 0.5393231000052765
    }
  },
  "pairwise_vs_same_family_live_target": {
    "baseline_plain_raw": {
      "mean_val_accuracy_delta": 0.0,
      "mean_test_accuracy_delta": 0.0,
      "mean_runtime_delta": 0.5581984999977673
    },
    "residualized_local_field_poly_rt2": {
      "mean_val_accuracy_delta": 0.0,
      "mean_test_accuracy_delta": 0.0,
      "mean_runtime_delta": -0.018961033318191767
    }
  },
  "is_live_target_timing_drift_present": false,
  "is_challenger_rescued_by_lag1_target_snapshot": false,
  "lag1_helps_generally_but_not_challenger_specifically": false,
  "lag_reduces_target_drift_but_not_behavior": false,
  "dominant_interpretation": "simple_one_step_target_lag_not_main_limiter",
  "next_single_narrow_move": "run one narrow batch-frozen target-snapshot diagnostic to separate one-step timing drift from more structural downstream coupling",
  "artifacts": {
    "end_to_end_runs_csv": "end_to_end_runs.csv",
    "target_drift_epoch_metrics_csv": "target_drift_epoch_metrics.csv"
  }
}