{
  "phase": "Phase TF2",
  "stage": "adopted_package_split_threshold_terminal_coupling",
  "num_runs": 20,
  "by_candidate": {
    "adopted_control": {
      "num_runs": 5,
      "mean_val_accuracy": 0.8355555555555556,
      "std_val_accuracy": 0.04187642674104467,
      "mean_test_accuracy": 0.834074074074074,
      "std_test_accuracy": 0.020068469902435663,
      "mean_gate_passing_epoch_count": 16.8,
      "selected_epoch_passes_gate_rate": 1.0,
      "selector_fallback_used_rate": 0.0,
      "mean_val_transported_final_energy": 0.29883527640213287,
      "mean_val_report_output_mse": 0.06074065925219836,
      "std_val_report_output_mse": 0.0019686938777406893,
      "mean_test_report_output_mse": 0.06050089784540062,
      "std_test_report_output_mse": 0.0018479687366432262,
      "mean_val_supervised_transport_output_mse": 0.05174862970956438,
      "std_val_supervised_transport_output_mse": 0.0021017615513611587,
      "mean_test_supervised_transport_output_mse": 0.051521855132393955,
      "std_test_supervised_transport_output_mse": 0.0019424825606536766,
      "mean_val_delta_h_rms_total": 0.28198694536160185,
      "mean_val_delta_h_rms_rowspace": 0.15361602796209764,
      "mean_val_delta_h_rms_orthogonal": 0.23644900039793287,
      "mean_val_delta_h_rowspace_fraction": 0.5447906149156865,
      "mean_test_delta_h_rms_total": 0.281396173570196,
      "mean_test_delta_h_rms_rowspace": 0.15310916263101096,
      "mean_test_delta_h_rms_orthogonal": 0.23605752737540966,
      "mean_test_delta_h_rowspace_fraction": 0.5441489416624726,
      "mean_selected_epoch": 54.8,
      "mean_runtime_proxy_seconds": 17.111184439997306
    },
    "split_threshold_row_strict": {
      "num_runs": 5,
      "mean_val_accuracy": 0.802962962962963,
      "std_val_accuracy": 0.037799557991623926,
      "mean_test_accuracy": 0.802962962962963,
      "std_test_accuracy": 0.016127067449686835,
      "mean_gate_passing_epoch_count": 25.2,
      "selected_epoch_passes_gate_rate": 1.0,
      "selector_fallback_used_rate": 0.0,
      "mean_val_transported_final_energy": 0.307749461753336,
      "mean_val_report_output_mse": 0.06429858027434446,
      "std_val_report_output_mse": 0.0021800929235433987,
      "mean_test_report_output_mse": 0.06397375732591044,
      "std_test_report_output_mse": 0.0019300526676742603,
      "mean_val_supervised_transport_output_mse": 0.05381943360428646,
      "std_val_supervised_transport_output_mse": 0.002610531568967003,
      "mean_test_supervised_transport_output_mse": 0.05351958456012015,
      "std_test_supervised_transport_output_mse": 0.002395475545032354,
      "mean_val_delta_h_rms_total": 0.2765132926126911,
      "mean_val_delta_h_rms_rowspace": 0.16568980031196168,
      "mean_val_delta_h_rms_orthogonal": 0.22134611745852104,
      "mean_val_delta_h_rowspace_fraction": 0.5988667188519019,
      "mean_test_delta_h_rms_total": 0.2760692149861084,
      "mean_test_delta_h_rms_rowspace": 0.1653583966207484,
      "mean_test_delta_h_rms_orthogonal": 0.22102975035028827,
      "mean_test_delta_h_rowspace_fraction": 0.5985517255085481,
      "mean_selected_epoch": 54.8,
      "mean_runtime_proxy_seconds": 17.4367121400006
    },
    "split_threshold_orthogonal_strict": {
      "num_runs": 5,
      "mean_val_accuracy": 0.7948148148148149,
      "std_val_accuracy": 0.041481481481481494,
      "mean_test_accuracy": 0.8037037037037038,
      "std_test_accuracy": 0.03513641844631531,
      "mean_gate_passing_epoch_count": 25.6,
      "selected_epoch_passes_gate_rate": 1.0,
      "selector_fallback_used_rate": 0.0,
      "mean_val_transported_final_energy": 0.3093470312766418,
      "mean_val_report_output_mse": 0.06494828334864608,
      "std_val_report_output_mse": 0.0024295560072400543,
      "mean_test_report_output_mse": 0.06466146397056521,
      "std_test_report_output_mse": 0.002259272526280356,
      "mean_val_supervised_transport_output_mse": 0.05425635653147014,
      "std_val_supervised_transport_output_mse": 0.002781775113183473,
      "mean_test_supervised_transport_output_mse": 0.05399080707907901,
      "std_test_supervised_transport_output_mse": 0.002623971193899676,
      "mean_val_delta_h_rms_total": 0.2743847429355177,
      "mean_val_delta_h_rms_rowspace": 0.16620349889883618,
      "mean_val_delta_h_rms_orthogonal": 0.21827187484408556,
      "mean_val_delta_h_rowspace_fraction": 0.6052721414875318,
      "mean_test_delta_h_rms_total": 0.2740640117007853,
      "mean_test_delta_h_rms_rowspace": 0.16589078114877348,
      "mean_test_delta_h_rms_orthogonal": 0.21809686349794027,
      "mean_test_delta_h_rowspace_fraction": 0.6047736898046007,
      "mean_selected_epoch": 55.0,
      "mean_runtime_proxy_seconds": 18.89124509999965
    },
    "split_threshold_balanced_30_30": {
      "num_runs": 5,
      "mean_val_accuracy": 0.7962962962962963,
      "std_val_accuracy": 0.03613721753377918,
      "mean_test_accuracy": 0.7896296296296297,
      "std_test_accuracy": 0.0351676369495384,
      "mean_gate_passing_epoch_count": 25.6,
      "selected_epoch_passes_gate_rate": 1.0,
      "selector_fallback_used_rate": 0.0,
      "mean_val_transported_final_energy": 0.31629959733364854,
      "mean_val_report_output_mse": 0.06578851488641961,
      "std_val_report_output_mse": 0.0025166479584150785,
      "mean_test_report_output_mse": 0.0655240388332367,
      "std_test_report_output_mse": 0.0023048929248306554,
      "mean_val_supervised_transport_output_mse": 0.055483639000911245,
      "std_val_supervised_transport_output_mse": 0.0026634089338138907,
      "mean_test_supervised_transport_output_mse": 0.05522635383575153,
      "std_test_supervised_transport_output_mse": 0.0024056842812995223,
      "mean_val_delta_h_rms_total": 0.27736389076100415,
      "mean_val_delta_h_rms_rowspace": 0.16508072412236255,
      "mean_val_delta_h_rms_orthogonal": 0.22287840287350846,
      "mean_val_delta_h_rowspace_fraction": 0.5948854208791746,
      "mean_test_delta_h_rms_total": 0.2769574285963699,
      "mean_test_delta_h_rms_rowspace": 0.16476457097790162,
      "mean_test_delta_h_rms_orthogonal": 0.22260094160311214,
      "mean_test_delta_h_rowspace_fraction": 0.5945754900916235,
      "mean_selected_epoch": 51.2,
      "mean_runtime_proxy_seconds": 20.082633120000537
    }
  },
  "pairwise_vs_control": {
    "split_threshold_row_strict": {
      "shared_seeds": [
        0,
        1,
        2,
        3,
        4
      ],
      "mean_val_accuracy_delta": -0.032592592592592576,
      "mean_test_accuracy_delta": -0.03111111111111111,
      "mean_gate_passing_epoch_count_delta": 8.4,
      "mean_selected_epoch_passes_gate_rate_delta": 0.0,
      "mean_selector_fallback_used_rate_delta": 0.0,
      "mean_val_transported_final_energy_delta": 0.008914185351203151,
      "mean_val_report_output_mse_delta": 0.0035579210221460917,
      "mean_test_report_output_mse_delta": 0.0034728594805098073,
      "mean_val_supervised_transport_output_mse_delta": 0.0020708038947220885,
      "mean_test_supervised_transport_output_mse_delta": 0.001997729427726186,
      "mean_val_delta_h_rms_total_delta": -0.005473652748910762,
      "mean_val_delta_h_rms_rowspace_delta": 0.012073772349864047,
      "mean_val_delta_h_rms_orthogonal_delta": -0.01510288293941182,
      "mean_val_delta_h_rowspace_fraction_delta": 0.05407610393621538,
      "mean_test_delta_h_rms_total_delta": -0.005326958584087538,
      "mean_test_delta_h_rms_rowspace_delta": 0.012249233989737412,
      "mean_test_delta_h_rms_orthogonal_delta": -0.015027777025121397,
      "mean_test_delta_h_rowspace_fraction_delta": 0.05440278384607542,
      "mean_runtime_proxy_seconds_delta": 0.32552770000329473
    },
    "split_threshold_orthogonal_strict": {
      "shared_seeds": [
        0,
        1,
        2,
        3,
        4
      ],
      "mean_val_accuracy_delta": -0.0407407407407407,
      "mean_test_accuracy_delta": -0.03037037037037036,