{
  "phase": "Phase TF2",
  "stage": "adopted_package_late_rollout_drift_control_diagnostic",
  "num_runs": 20,
  "by_case": {
    "adopted_control_terminal_only": {
      "num_runs": 5,
      "mean_val_accuracy": 0.8355555555555556,
      "std_val_accuracy": 0.04187642674104467,
      "mean_test_accuracy": 0.834074074074074,
      "std_test_accuracy": 0.020068469902435663,
      "mean_gate_passing_epoch_count": 16.8,
      "selected_epoch_passes_gate_rate": 1.0,
      "selector_fallback_used_rate": 0.0,
      "seed_gate_positive_rate": 1.0,
      "mean_val_transported_final_energy": 0.29883527640213287,
      "mean_val_report_output_mse": 0.06074065925219836,
      "std_val_report_output_mse": 0.0019686938777406893,
      "mean_val_terminal_rowspace_rms": 0.15361602796209764,
      "mean_val_terminal_rowspace_fraction": 0.5447906149156865,
      "mean_val_preterminal_rowspace_share": 0.744460902004951,
      "mean_val_terminal_rowspace_share": 0.25553909799504904,
      "mean_val_preterminal_output_share": 0.7453269834427209,
      "mean_val_terminal_output_share": 0.25467301655727914,
      "mean_test_preterminal_rowspace_share": 0.7447686449607651,
      "mean_test_terminal_rowspace_share": 0.2552313550392348,
      "mean_runtime_proxy_seconds": 17.538052280000556,
      "mean_validation_rowspace_rms_by_knot": [
        0.0,
        0.039501397487947426,
        0.07678168933279027,
        0.11438291684846229,
        0.15361602796209764
      ],
      "mean_test_rowspace_rms_by_knot": [
        0.0,
        0.03942579446823204,
        0.07659381897523637,
        0.11404858792770316,
        0.15310916263101096
      ],
      "rollout_knot_indices": [
        0,
        1,
        2,
        3,
        4
      ],
      "rollout_knot_times": [
        0.0,
        0.25,
        0.5,
        0.75,
        1.0
      ]
    },
    "same_geometry_penultimate_plus_terminal": {
      "num_runs": 5,
      "mean_val_accuracy": 0.8570370370370372,
      "std_val_accuracy": 0.026147203844033764,
      "mean_test_accuracy": 0.86,
      "std_test_accuracy": 0.015431604930370116,
      "mean_gate_passing_epoch_count": 0.0,
      "selected_epoch_passes_gate_rate": 0.0,
      "selector_fallback_used_rate": 1.0,
      "seed_gate_positive_rate": 0.0,
      "mean_val_transported_final_energy": 0.2873208109031,
      "mean_val_report_output_mse": 0.05624914094322821,
      "std_val_report_output_mse": 0.0018466120513973099,
      "mean_val_terminal_rowspace_rms": 0.14253004057151525,
      "mean_val_terminal_rowspace_fraction": 0.49551303909108385,
      "mean_val_preterminal_rowspace_share": 0.7436321411459275,
      "mean_val_terminal_rowspace_share": 0.25636785885407254,
      "mean_val_preterminal_output_share": 0.7432991857381913,
      "mean_val_terminal_output_share": 0.2567008142618087,
      "mean_test_preterminal_rowspace_share": 0.7441004217001803,
      "mean_test_terminal_rowspace_share": 0.25589957829981963,
      "mean_runtime_proxy_seconds": 21.33155764000039,
      "mean_validation_rowspace_rms_by_knot": [
        0.0,
        0.03674213950337426,
        0.07119951288316037,
        0.10598701044532773,
        0.14253004057151525
      ],
      "mean_test_rowspace_rms_by_knot": [
        0.0,
        0.036596152432572845,
        0.07086399652306578,
        0.10541544490017288,
        0.14168205424150265
      ],
      "rollout_knot_indices": [
        0,
        1,
        2,
        3,
        4
      ],
      "rollout_knot_times": [
        0.0,
        0.25,
        0.5,
        0.75,
        1.0
      ]
    },
    "same_geometry_last_two_preterminal_plus_terminal": {
      "num_runs": 5,
      "mean_val_accuracy": 0.8748148148148148,
      "std_val_accuracy": 0.020068469902435663,
      "mean_test_accuracy": 0.8755555555555554,
      "std_test_accuracy": 0.018827059299464943,
      "mean_gate_passing_epoch_count": 0.0,
      "selected_epoch_passes_gate_rate": 0.0,
      "selector_fallback_used_rate": 1.0,
      "seed_gate_positive_rate": 0.0,
      "mean_val_transported_final_energy": 0.2810271840455853,
      "mean_val_report_output_mse": 0.05257673769519566,
      "std_val_report_output_mse": 0.001062663304042627,
      "mean_val_terminal_rowspace_rms": 0.1362853170265235,
      "mean_val_terminal_rowspace_fraction": 0.46176983392669735,
      "mean_val_preterminal_rowspace_share": 0.7430830277172221,
      "mean_val_terminal_rowspace_share": 0.2569169722827779,
      "mean_val_preterminal_output_share": 0.7424754222381544,
      "mean_val_terminal_output_share": 0.2575245777618455,
      "mean_test_preterminal_rowspace_share": 0.7434884420168913,
      "mean_test_terminal_rowspace_share": 0.25651155798310865,
      "mean_runtime_proxy_seconds": 22.840583500000502,
      "mean_validation_rowspace_rms_by_knot": [
        0.0,
        0.03509869960993548,
        0.06800244430082719,
        0.1012611668214631,
        0.1362853170265235
      ],
      "mean_test_rowspace_rms_by_knot": [
        0.0,
        0.03487215426440954,
        0.06750081531540629,
        0.10044186917150473,
        0.1351165729785751
      ],
      "rollout_knot_indices": [
        0,
        1,
        2,
        3,
        4
      ],
      "rollout_knot_times": [
        0.0,
        0.25,
        0.5,
        0.75,
        1.0
      ]
    },
    "same_geometry_penultimate_only_reference": {
      "num_runs": 5,
      "mean_val_accuracy": 0.8296296296296296,
      "std_val_accuracy": 0.038985769976120827,
      "mean_test_accuracy": 0.8244444444444443,
      "std_test_accuracy": 0.027775308532226168,
      "mean_gate_passing_epoch_count": 17.4,
      "selected_epoch_passes_gate_rate": 1.0,
      "selector_fallback_used_rate": 0.0,
      "seed_gate_positive_rate": 1.0,
      "mean_val_transported_final_energy": 0.30435335034099287,
      "mean_val_report_output_mse": 0.06207017017808229,
      "std_val_report_output_mse": 0.0016108193416529742,
      "mean_val_terminal_rowspace_rms": 0.15307146606873467,
      "mean_val_terminal_rowspace_fraction": 0.5474971621163641,
      "mean_val_preterminal_rowspace_share": 0.745830813630296,
      "mean_val_terminal_rowspace_share": 0.2541691863697039,
      "mean_val_preterminal_output_share": 0.7469442797393763,
      "mean_val_terminal_output_share": 0.25305572026062373,
      "mean_test_preterminal_rowspace_share": 0.746101012792772,
      "mean_test_terminal_rowspace_share": 0.253898987207228,
      "mean_runtime_proxy_seconds": 19.129383360000794,
      "mean_validation_rowspace_rms_by_knot": [
        0.0,
        0.039536502757834824,
        0.07677848652930594,
        0.11419243919930225,
        0.15307146606873467
      ],
      "mean_test_rowspace_rms_by_knot": [
        0.0,
        0.03943388301538231,
        0.07653734123251446,
        0.1137831971647328,
        0.15247666925352057
      ],
      "rollout_knot_indices": [
        0,
        1,
        2,
        3,
        4
      ],
      "rollout_knot_times": [
        0.0,
        0.25,
        0.5,
        0.75,
        1.0
      ]
    }
  },
  "pairwise_vs_control": {
    "same_geometry_penultimate_plus_terminal": {
      "mean_val_accuracy_delta": 0.021481481481481525,
      "mean_test_accuracy_delta": 0.02592592592592593,
      "mean_gate_passing_epoch_count_delta": -16.8,
      "selected_epoch_passes_gate_rate_delta": -1.0,
      "selector_fallback_used_rate_delta": 1.0,
      "mean_val_transported_final_energy_delta": -0.011514465499032834,
      "mean_val_report_output_mse_delta": -0.00449151830897016,
      "mean_val_terminal_rowspace_rms_delta": -0.011085987390582364,
      "mean_val_terminal_rowspace_fraction_delta": -0.0492775758246027,
      "mean_val_preterminal_rowspace_share_delta": -0.0008287608590234807,
      "mean_val_preterminal_output_share_delta": -0.0020277977045295437,
      "mean_runtime_proxy_seconds_delta": 3.7935053599998354
    },