{
  "phase": "Phase TF2",
  "stage": "adopted_package_endpoint_basis_separability",
  "num_runs": 5,
  "reference_context_reused": true,
  "reference_context_path": "outputs/fmpc_tf2_gap_decomposition_suite/aggregate_summary.json",
  "integrated_behavior": {
    "mean_val_accuracy": 0.8355555555555556,
    "std_val_accuracy": 0.04187642674104467,
    "mean_test_accuracy": 0.834074074074074,
    "std_test_accuracy": 0.020068469902435663,
    "mean_val_report_output_mse": 0.06074065925219836,
    "std_val_report_output_mse": 0.0019686938777406893,
    "mean_test_report_output_mse": 0.06050089784540062,
    "std_test_report_output_mse": 0.0018479687366432262,
    "mean_gate_passing_epoch_count": 16.8,
    "selected_epoch_passes_gate_rate": 1.0,
    "selector_fallback_used_rate": 0.0,
    "mean_selected_epoch": 54.8,
    "mean_val_transported_final_energy": 0.29883527640213287,
    "mean_runtime_proxy_seconds": 20.002261980000185
  },
  "endpoint_cases": {
    "transported": {
      "validation": {
        "frozen_head_accuracy": {
          "mean": 0.9348148148148148,
          "std": 0.033176586187494354
        },
        "frozen_head_output_mse": {
          "mean": 0.05174862970956438,
          "std": 0.0021017615513611587
        },
        "mean_pairwise_centroid_distance": {
          "mean": 1.05504733652093,
          "std": 0.04984525630459628
        },
        "min_pairwise_centroid_distance": {
          "mean": 0.6333723142206227,
          "std": 0.06629415709008661
        },
        "mean_within_class_rms": {
          "mean": 0.5838623772413774,
          "std": 0.006260389747849864
        },
        "mean_within_class_variance": {
          "mean": 0.3409344680377475,
          "std": 0.00731013223720764
        },
        "between_class_centroid_margin": {
          "mean": 0.6333723142206227,
          "std": 0.06629415709008661
        },
        "fisher_separability_ratio": {
          "mean": 1.806693865450363,
          "std": 0.07589508399755104
        },
        "nearest_centroid_accuracy": {
          "mean": 0.9355555555555556,
          "std": 0.024184929951577047
        },
        "mean_top1_margin": {
          "mean": 0.17697522700561222,
          "std": 0.01458689523687829
        },
        "std_top1_margin": {
          "mean": 0.10597315170996872,
          "std": 0.008780090234334197
        },
        "mean_true_class_margin": {
          "mean": 0.17081453978216782,
          "std": 0.016785255427189675
        },
        "std_true_class_margin": {
          "mean": 0.11629728249273585,
          "std": 0.007698777192657476
        }
      },
      "test": {
        "frozen_head_accuracy": {
          "mean": 0.942962962962963,
          "std": 0.015108205966200855
        },
        "frozen_head_output_mse": {
          "mean": 0.051521855132393955,
          "std": 0.0019424825606536766
        },
        "mean_pairwise_centroid_distance": {
          "mean": 1.0532740225941704,
          "std": 0.0388542720582127
        },
        "min_pairwise_centroid_distance": {
          "mean": 0.6130429068068813,
          "std": 0.05220037787020069
        },
        "mean_within_class_rms": {
          "mean": 0.5827193525637184,
          "std": 0.014102155195657965
        },
        "mean_within_class_variance": {
          "mean": 0.33976071463344154,
          "std": 0.016344737568972003
        },
        "between_class_centroid_margin": {
          "mean": 0.6130429068068813,
          "std": 0.05220037787020069
        },
        "fisher_separability_ratio": {
          "mean": 1.8069678544067311,
          "std": 0.02484904283714412
        },
        "nearest_centroid_accuracy": {
          "mean": 0.9525925925925925,
          "std": 0.014325244152454593
        },
        "mean_top1_margin": {
          "mean": 0.17810475255679561,
          "std": 0.013883108484110031
        },
        "std_top1_margin": {
          "mean": 0.10666287614481759,
          "std": 0.0074157935599950785
        },
        "mean_true_class_margin": {
          "mean": 0.17245484041867926,
          "std": 0.013870283841166885
        },
        "std_true_class_margin": {
          "mean": 0.11626746022032419,
          "std": 0.007784869285151082
        }
      }
    },
    "slow_pc": {
      "validation": {
        "frozen_head_accuracy": {
          "mean": 0.8407407407407408,
          "std": 0.04438267312280072
        },
        "frozen_head_output_mse": {
          "mean": 0.060487392397133924,
          "std": 0.0019685776890034515
        },
        "mean_pairwise_centroid_distance": {
          "mean": 0.8436533030831306,
          "std": 0.04181120050773404
        },
        "min_pairwise_centroid_distance": {
          "mean": 0.47002551074771953,
          "std": 0.05677448830610463
        },
        "mean_within_class_rms": {
          "mean": 0.5612214089259993,
          "std": 0.005896997421931622
        },
        "mean_within_class_variance": {
          "mean": 0.31500424441547803,
          "std": 0.00661264420948849
        },
        "between_class_centroid_margin": {
          "mean": 0.47002551074771953,
          "std": 0.05677448830610463
        },
        "fisher_separability_ratio": {
          "mean": 1.502845784411163,
          "std": 0.06386560199906846
        },
        "nearest_centroid_accuracy": {
          "mean": 0.8651851851851852,
          "std": 0.031826001568801214
        },
        "mean_top1_margin": {
          "mean": 0.11996482129405997,
          "std": 0.010694895994078385
        },
        "std_top1_margin": {
          "mean": 0.08577087011456427,
          "std": 0.008496134820701568
        },
        "mean_true_class_margin": {
          "mean": 0.10273162520497978,
          "std": 0.014881124421693745
        },
        "std_true_class_margin": {
          "mean": 0.10918241620659859,
          "std": 0.005328739403266961
        }
      },
      "test": {
        "frozen_head_accuracy": {
          "mean": 0.8377777777777778,
          "std": 0.02113384091509199
        },
        "frozen_head_output_mse": {
          "mean": 0.06024942818898216,
          "std": 0.0018492240878840512
        },
        "mean_pairwise_centroid_distance": {
          "mean": 0.8418915005805226,
          "std": 0.028800317684546013
        },
        "min_pairwise_centroid_distance": {
          "mean": 0.42840409994653383,
          "std": 0.0537563759072444
        },
        "mean_within_class_rms": {
          "mean": 0.5593081692686133,
          "std": 0.01343231659792694
        },
        "mean_within_class_variance": {
          "mean": 0.31300605533979475,
          "std": 0.014950162959037417
        },
        "between_class_centroid_margin": {
          "mean": 0.42840409994653383,
          "std": 0.0537563759072444
        },
        "fisher_separability_ratio": {
          "mean": 1.5048938467840745,
          "std": 0.018162916554406393
        },
        "nearest_centroid_accuracy": {
          "mean": 0.8592592592592592,
          "std": 0.01945766746157582
        },
        "mean_top1_margin": {
          "mean": 0.12044403681004283,
          "std": 0.01152447655267651
        },
        "std_top1_margin": {
          "mean": 0.08719422989933578,
          "std": 0.008874234623463578
        },
        "mean_true_class_margin": {
          "mean": 0.10453265087506007,
          "std": 0.012687436314855166
        },
        "std_true_class_margin": {
          "mean": 0.10863696429224952,
          "std": 0.007238886165315994
        }
      }
    }
  },
  "delta_geometry": {
    "validation": {
      "delta_h_rms_total": {
        "mean": 0.28198694536160185,
        "std": 0.011052728029971932
      },
      "delta_h_rms_rowspace": {
        "mean": 0.15361602796209764,
        "std": 0.006469433578973336
      },
      "delta_h_rms_orthogonal": {
        "mean": 0.23644900039793287,
        "std": 0.00953586621158164
      },