epoch,stage,lambda_id,alpha,lambda_traj_curr,lambda_sg,train_total_loss,train_boot_loss,train_transport_loss,train_drift_loss,train_identity_loss,train_traj_curr_loss,train_semigroup_loss,train_transported_final_energy,val_one_step_transported_final_energy,val_one_step_energy_delta_vs_identity,val_one_step_fixed_point_residual_delta_vs_identity,val_configured_transported_final_energy,val_configured_energy_delta_vs_identity,val_configured_fixed_point_residual_delta_vs_identity,val_accuracy,val_output_mse
1,warmup,0.0,1.0,0.0,0.0,4.493656037904779e-06,4.493656037904779e-06,2.4738491371164604e-06,2.0198069007883185e-06,6.762819587502695e-06,0.0,0.0,0.495335591577503,0.48319073473143526,-9.264746652459799e-05,-4.722473462792599e-07,0.48318405820170673,-9.932399625312005e-05,-5.051966721226619e-07,0.1037037037037037,0.09665667643959197
2,warmup,0.0,1.0,0.0,0.0,4.389957985811562e-06,4.389957985811562e-06,2.4474825741230954e-06,1.9424754116884674e-06,6.816827356115794e-06,0.0,0.0,0.47573674806048283,0.4679802991513115,-9.820800283799613e-05,-5.079184827166006e-07,0.4679739151923832,-0.00010459196176632046,-5.404195986554274e-07,0.1,0.0936157014308299
3,warmup,0.0,1.0,0.0,0.0,4.3101318234686984e-06,4.3101318234686984e-06,2.422277034151459e-06,1.88785478931724e-06,6.858573364562639e-06,0.0,0.0,0.46309054979151343,0.4579608781238024,-0.00010485075275640243,-5.478411410232817e-07,0.45795478655559124,-0.00011094232096753309,-5.793707302127868e-07,0.1,0.09161314577531175
4,transition,0.011731042782619834,0.9413447860869009,0.023462085565239668,0.0,4.417907627529752e-06,4.249029009333672e-06,2.3976808376193062e-06,1.8513481717143663e-06,6.904282081980245e-06,3.7457961469247516e-06,0.0,0.45473043384066136,0.45122410396849794,-0.00011067083836024949,-5.823682478580175e-07,0.45121806992044233,-0.00011670488641585264,-6.13853161938316e-07,0.11481481481481481,0.09026695496137163
