{
  "phase": "Phase TF2",
  "stage": "adopted_package_terminal_rowspace_orthogonal_coupling",
  "num_runs": 15,
  "by_candidate": {
    "adopted_control": {
      "num_runs": 5,
      "mean_val_accuracy": 0.8355555555555556,
      "std_val_accuracy": 0.04187642674104467,
      "mean_test_accuracy": 0.834074074074074,
      "std_test_accuracy": 0.020068469902435663,
      "mean_gate_passing_epoch_count": 16.8,
      "selected_epoch_passes_gate_rate": 1.0,
      "selector_fallback_used_rate": 0.0,
      "mean_val_transported_final_energy": 0.29883527640213287,
      "mean_val_report_output_mse": 0.06074065925219836,
      "std_val_report_output_mse": 0.0019686938777406893,
      "mean_test_report_output_mse": 0.06050089784540062,
      "std_test_report_output_mse": 0.0018479687366432262,
      "mean_val_supervised_transport_output_mse": 0.05174862970956438,
      "std_val_supervised_transport_output_mse": 0.0021017615513611587,
      "mean_test_supervised_transport_output_mse": 0.051521855132393955,
      "std_test_supervised_transport_output_mse": 0.0019424825606536766,
      "mean_val_delta_h_rms_total": 0.28198694536160185,
      "mean_val_delta_h_rms_rowspace": 0.15361602796209764,
      "mean_val_delta_h_rms_orthogonal": 0.23644900039793287,
      "mean_val_delta_h_rowspace_fraction": 0.5447906149156865,
      "mean_test_delta_h_rms_total": 0.281396173570196,
      "mean_test_delta_h_rms_rowspace": 0.15310916263101096,
      "mean_test_delta_h_rms_orthogonal": 0.23605752737540966,
      "mean_test_delta_h_rowspace_fraction": 0.5441489416624726,
      "mean_selected_epoch": 54.8,
      "mean_runtime_proxy_seconds": 16.195392119997997
    },
    "rowspace_only_angle_clip": {
      "num_runs": 5,
      "mean_val_accuracy": 0.7962962962962963,
      "std_val_accuracy": 0.03613721753377918,
      "mean_test_accuracy": 0.7896296296296297,
      "std_test_accuracy": 0.0351676369495384,
      "mean_gate_passing_epoch_count": 25.6,
      "selected_epoch_passes_gate_rate": 1.0,
      "selector_fallback_used_rate": 0.0,
      "mean_val_transported_final_energy": 0.31629959733364854,
      "mean_val_report_output_mse": 0.06578851488641961,
      "std_val_report_output_mse": 0.0025166479584150785,
      "mean_test_report_output_mse": 0.0655240388332367,
      "std_test_report_output_mse": 0.0023048929248306507,
      "mean_val_supervised_transport_output_mse": 0.055483639000911245,
      "std_val_supervised_transport_output_mse": 0.0026634089338138894,
      "mean_test_supervised_transport_output_mse": 0.05522635383575153,
      "std_test_supervised_transport_output_mse": 0.0024056842812995223,
      "mean_val_delta_h_rms_total": 0.27736389076100415,
      "mean_val_delta_h_rms_rowspace": 0.16508072412236258,
      "mean_val_delta_h_rms_orthogonal": 0.22287840287350846,
      "mean_val_delta_h_rowspace_fraction": 0.5948854208791747,
      "mean_test_delta_h_rms_total": 0.2769574285963699,
      "mean_test_delta_h_rms_rowspace": 0.16476457097790162,
      "mean_test_delta_h_rms_orthogonal": 0.22260094160311214,
      "mean_test_delta_h_rowspace_fraction": 0.5945754900916235,
      "mean_selected_epoch": 51.2,
      "mean_runtime_proxy_seconds": 16.588254979999327
    },
    "orthogonal_only_angle_clip": {
      "num_runs": 5,
      "mean_val_accuracy": 0.7911111111111111,
      "std_val_accuracy": 0.04417200449148318,
      "mean_test_accuracy": 0.8051851851851852,
      "std_test_accuracy": 0.03325917677132393,
      "mean_gate_passing_epoch_count": 26.4,
      "selected_epoch_passes_gate_rate": 1.0,
      "selector_fallback_used_rate": 0.0,
      "mean_val_transported_final_energy": 0.3062615807467476,
      "mean_val_report_output_mse": 0.06471417148110696,
      "std_val_report_output_mse": 0.002364766522697153,
      "mean_test_report_output_mse": 0.06442745675874015,
      "std_test_report_output_mse": 0.0021885680097374714,
      "mean_val_supervised_transport_output_mse": 0.05372863355703272,
      "std_val_supervised_transport_output_mse": 0.0025026461261560494,
      "mean_test_supervised_transport_output_mse": 0.05346455969361408,
      "std_test_supervised_transport_output_mse": 0.0023465039093106435,
      "mean_val_delta_h_rms_total": 0.2726694012417482,
      "mean_val_delta_h_rms_rowspace": 0.16827271272826655,
      "mean_val_delta_h_rms_orthogonal": 0.21451077728842524,
      "mean_val_delta_h_rowspace_fraction": 0.6167541262297898,
      "mean_test_delta_h_rms_total": 0.2724220428607448,
      "mean_test_delta_h_rms_rowspace": 0.16803636123704047,
      "mean_test_delta_h_rms_orthogonal": 0.21436867299439863,
      "mean_test_delta_h_rowspace_fraction": 0.616411355173261,
      "mean_selected_epoch": 57.2,
      "mean_runtime_proxy_seconds": 15.915821879994473
    }
  },
  "pairwise_vs_control": {
    "rowspace_only_angle_clip": {
      "shared_seeds": [
        0,
        1,
        2,
        3,
        4
      ],
      "mean_val_accuracy_delta": -0.03925925925925924,
      "mean_test_accuracy_delta": -0.04444444444444444,
      "mean_gate_passing_epoch_count_delta": 8.8,
      "mean_selected_epoch_passes_gate_rate_delta": 0.0,
      "mean_selector_fallback_used_rate_delta": 0.0,
      "mean_val_transported_final_energy_delta": 0.017464320931515676,
      "mean_val_report_output_mse_delta": 0.005047855634221254,
      "mean_test_report_output_mse_delta": 0.0050231409878360705,
      "mean_val_supervised_transport_output_mse_delta": 0.003735009291346872,
      "mean_test_supervised_transport_output_mse_delta": 0.0037044987033575715,
      "mean_val_delta_h_rms_total_delta": -0.004623054600597698,
      "mean_val_delta_h_rms_rowspace_delta": 0.011464696160264947,
      "mean_val_delta_h_rms_orthogonal_delta": -0.01357059752442441,
      "mean_val_delta_h_rowspace_fraction_delta": 0.05009480596348823,
      "mean_test_delta_h_rms_total_delta": -0.00443874497382607,
      "mean_test_delta_h_rms_rowspace_delta": 0.011655408346890661,
      "mean_test_delta_h_rms_orthogonal_delta": -0.013456585772297497,
      "mean_test_delta_h_rowspace_fraction_delta": 0.05042654842915088,
      "mean_runtime_proxy_seconds_delta": 0.3928628600013326
    },
    "orthogonal_only_angle_clip": {
      "shared_seeds": [
        0,
        1,
        2,
        3,
        4
      ],
      "mean_val_accuracy_delta": -0.04444444444444442,
      "mean_test_accuracy_delta": -0.028888888888888874,
      "mean_gate_passing_epoch_count_delta": 9.6,
      "mean_selected_epoch_passes_gate_rate_delta": 0.0,
      "mean_selector_fallback_used_rate_delta": 0.0,
      "mean_val_transported_final_energy_delta": 0.007426304344614765,
      "mean_val_report_output_mse_delta": 0.003973512228908601,
      "mean_test_report_output_mse_delta": 0.003926558913339527,
      "mean_val_supervised_transport_output_mse_delta": 0.001980003847468356,
      "mean_test_supervised_transport_output_mse_delta": 0.0019427045612201211,
      "mean_val_delta_h_rms_total_delta": -0.009317544119853628,
      "mean_val_delta_h_rms_rowspace_delta": 0.01465668476616892,
      "mean_val_delta_h_rms_orthogonal_delta": -0.02193822310950762,
      "mean_val_delta_h_rowspace_fraction_delta": 0.07196351131410317,
      "mean_test_delta_h_rms_total_delta": -0.008974130709451123,
      "mean_test_delta_h_rms_rowspace_delta": 0.014927198606029507,
      "mean_test_delta_h_rms_orthogonal_delta": -0.02168885438101103,
      "mean_test_delta_h_rowspace_fraction_delta": 0.0722624135107883,
      "mean_runtime_proxy_seconds_delta": -0.2795702400035225
    }
  },
  "coupling_effect_supported": true,
  "coupling_diagnosis": "full_vector_gain_depends_on_coupled_rowspace_and_orthogonal_control",
  "should_promote_decomposed_terminal_intervention": false,
  "promoted_candidate_name": null,
  "decision": "keep_current_adopted_default_unchanged",
  "aggregate_csv_path": "aggregate_runs.csv"
}