{
  "phase": "Phase TF2",
  "stage": "partial_open_loop_handoff_diagnostic",
  "diagnostic_only": true,
  "end_to_end_summary": {
    "baseline_plain_raw": {
      "closed_loop_live_plan": {
        "mean_val_accuracy": 0.8246913580246913,
        "std_val_accuracy": 0.028741843769932898,
        "mean_test_accuracy": 0.8197530864197531,
        "std_test_accuracy": 0.027104319012469347,
        "mean_gate_passing_epoch_count": 27.666666666666668,
        "mean_val_transported_final_energy": 0.3070547870776022,
        "mean_total_wall_time_seconds": 100.48438843331921,
        "std_total_wall_time_seconds": 0.37151289592271847
      },
      "open_loop_baseline_plan_replay": {
        "mean_val_accuracy": 0.8246913580246913,
        "std_val_accuracy": 0.028741843769932898,
        "mean_test_accuracy": 0.8197530864197531,
        "std_test_accuracy": 0.027104319012469347,
        "mean_gate_passing_epoch_count": 27.666666666666668,
        "mean_val_transported_final_energy": 0.30704622840267876,
        "mean_total_wall_time_seconds": 100.48350386668851,
        "std_total_wall_time_seconds": 0.37203487256586726
      }
    },
    "residualized_local_field_poly_rt2": {
      "handoff_k0_closed_loop_live_plan": {
        "mean_val_accuracy": 0.7592592592592592,
        "std_val_accuracy": 0.026363156177855077,
        "mean_test_accuracy": 0.780246913580247,
        "std_test_accuracy": 0.015220775315972804,
        "mean_gate_passing_epoch_count": 26.333333333333332,
        "mean_val_transported_final_energy": 0.30582114546803274,
        "mean_total_wall_time_seconds": 100.48470266665875,
        "std_total_wall_time_seconds": 0.3710101984237557
      },
      "handoff_k1_baseline_prefix_then_live": {
        "mean_val_accuracy": 0.8061728395061728,
        "std_val_accuracy": 0.02013519312382726,
        "mean_test_accuracy": 0.7790123456790123,
        "std_test_accuracy": 0.02743964292702823,
        "mean_gate_passing_epoch_count": 0.0,
        "mean_val_transported_final_energy": 0.34100054957391396,
        "mean_total_wall_time_seconds": 100.48525353334844,
        "std_total_wall_time_seconds": 0.3729124109037416
      },
      "handoff_k2_baseline_prefix_then_live": {
        "mean_val_accuracy": 0.8135802469135802,
        "std_val_accuracy": 0.02536128220268412,
        "mean_test_accuracy": 0.7962962962962963,
        "std_test_accuracy": 0.031860463952009754,
        "mean_gate_passing_epoch_count": 0.0,
        "mean_val_transported_final_energy": 0.3508927015389786,
        "mean_total_wall_time_seconds": 100.48590326668152,
        "std_total_wall_time_seconds": 0.37246696446852284
      },
      "handoff_k3_baseline_prefix_then_live": {
        "mean_val_accuracy": 0.8135802469135802,
        "std_val_accuracy": 0.02743964292702823,
        "mean_test_accuracy": 0.8123456790123457,
        "std_test_accuracy": 0.02518034327700139,
        "mean_gate_passing_epoch_count": 0.0,
        "mean_val_transported_final_energy": 0.36004710735173423,
        "mean_total_wall_time_seconds": 100.48690980001508,
        "std_total_wall_time_seconds": 0.3738235222163129
      },
      "handoff_k4_open_loop_baseline_plan_replay": {
        "mean_val_accuracy": 0.8246913580246913,
        "std_val_accuracy": 0.028741843769932898,
        "mean_test_accuracy": 0.8197530864197531,
        "std_test_accuracy": 0.027104319012469347,
        "mean_gate_passing_epoch_count": 0.0,
        "mean_val_transported_final_energy": 0.36403626556212404,
        "mean_total_wall_time_seconds": 100.48565186666868,
        "std_total_wall_time_seconds": 0.37477524505486176
      }
    }
  },
  "stepwise_plan_drift_summary": {
    "handoff_k0_closed_loop_live_plan": {
      "step_0": {
        "mean_relative_bootstrap_target_delta": 0.6197213724745173,
        "mean_relative_identity_target_delta": 2.232955166123315,
        "mean_relative_psi_input_delta": 1.2856261348853804,
        "mean_bootstrap_target_cosine_similarity": 0.7782471527569556,
        "mean_identity_target_cosine_similarity": 0.006349692421313846,
        "mean_state_slot_displacement": 7.207690473241665
      },
      "step_1": {
        "mean_relative_bootstrap_target_delta": 0.6197211832509433,
        "mean_relative_identity_target_delta": 1.9620073899603163,
        "mean_relative_psi_input_delta": 1.308930254098713,
        "mean_bootstrap_target_cosine_similarity": 0.7782458641095299,
        "mean_identity_target_cosine_similarity": -0.0292953104049542,
        "mean_state_slot_displacement": 7.255401039365351
      },
      "step_2": {
        "mean_relative_bootstrap_target_delta": 0.6197209993597225,
        "mean_relative_identity_target_delta": 1.8733462559186316,
        "mean_relative_psi_input_delta": 1.31593909570285,
        "mean_bootstrap_target_cosine_similarity": 0.77824457355332,
        "mean_identity_target_cosine_similarity": -0.07530609489076806,
        "mean_state_slot_displacement": 7.30567537480436
      },
      "step_3": {
        "mean_relative_bootstrap_target_delta": 0.6197208207900294,
        "mean_relative_identity_target_delta": 1.9970118560363024,
        "mean_relative_psi_input_delta": 1.3089661906313095,
        "mean_bootstrap_target_cosine_similarity": 0.7782432810928008,
        "mean_identity_target_cosine_similarity": -0.11321012020062106,
        "mean_state_slot_displacement": 7.357417049869588
      }
    },
    "handoff_k1_baseline_prefix_then_live": {
      "step_0": {
        "mean_relative_bootstrap_target_delta": 0.0,
        "mean_relative_identity_target_delta": 0.0,
        "mean_relative_psi_input_delta": 0.0,
        "mean_bootstrap_target_cosine_similarity": 1.0,
        "mean_identity_target_cosine_similarity": 1.0,
        "mean_state_slot_displacement": 0.0
      },
      "step_1": {
        "mean_relative_bootstrap_target_delta": 0.8226429357156394,
        "mean_relative_identity_target_delta": 2.0093647699912207,
        "mean_relative_psi_input_delta": 0.015068840551754163,
        "mean_bootstrap_target_cosine_similarity": 0.7424639403413613,
        "mean_identity_target_cosine_similarity": -0.02761090546158358,
        "mean_state_slot_displacement": 0.12598240616493087
      },
      "step_2": {
        "mean_relative_bootstrap_target_delta": 0.822750018699174,
        "mean_relative_identity_target_delta": 1.906959182233496,
        "mean_relative_psi_input_delta": 0.015149632233440301,
        "mean_bootstrap_target_cosine_similarity": 0.7424198306077096,
        "mean_identity_target_cosine_similarity": -0.07140746753769003,
        "mean_state_slot_displacement": 0.252148321900534
      },
      "step_3": {
        "mean_relative_bootstrap_target_delta": 0.8228570701254204,
        "mean_relative_identity_target_delta": 2.0251187965590924,
        "mean_relative_psi_input_delta": 0.015007955753485043,
        "mean_bootstrap_target_cosine_similarity": 0.7423757357023304,
        "mean_identity_target_cosine_similarity": -0.10886122431751119,
        "mean_state_slot_displacement": 0.38499724092937965
      }
    },
    "handoff_k2_baseline_prefix_then_live": {
      "step_0": {
        "mean_relative_bootstrap_target_delta": 0.0,
        "mean_relative_identity_target_delta": 0.0,
        "mean_relative_psi_input_delta": 0.0,
        "mean_bootstrap_target_cosine_similarity": 1.0,
        "mean_identity_target_cosine_similarity": 1.0,
        "mean_state_slot_displacement": 0.0
      },
      "step_1": {
        "mean_relative_bootstrap_target_delta": 0.0,
        "mean_relative_identity_target_delta": 0.0,
        "mean_relative_psi_input_delta": 0.0,
        "mean_bootstrap_target_cosine_similarity": 1.0,
        "mean_identity_target_cosine_similarity": 1.0,
        "mean_state_slot_displacement": 0.0
      },
      "step_2": {
        "mean_relative_bootstrap_target_delta": 0.5671005328151443,
        "mean_relative_identity_target_delta": 1.9141978250146354,