{
  "phase": "FMPC Stage 06 Low-Budget Efficiency",
  "stage": "stage06_v1_low_budget_comparison",
  "candidate_name": "stage06_v1_objective_curriculum_energydrop_default",
  "matched_budget_control_name": "stage05_v3c_stronger_semigroup_weight",
  "comparison_protocol": {
    "dataset_name": "digits",
    "seeds": [
      0,
      1,
      2
    ],
    "batch_size": 128,
    "shuffle_batches": true,
    "layer_dims": [
      64,
      16,
      10
    ],
    "transport_steps": 2,
    "eval_steps": 15,
    "tier1_epochs": 128,
    "tier2_epochs": 256,
    "rescue_epochs": 512,
    "allow_rescue_tier3": true
  },
  "tier_summaries": {
    "tier_128": {
      "candidate": {
        "num_runs": 3,
        "one_step_mechanism_positive_rate": 1.0,
        "configured_step_mechanism_positive_rate": 1.0,
        "one_step_energy_delta_vs_identity": {
          "mean": -0.0006853656148714063,
          "std": 0.0001183643715768123
        },
        "configured_step_energy_delta_vs_identity": {
          "mean": -0.0006744722304312852,
          "std": 0.00012364133150939967
        },
        "configured_step_fixed_point_residual_delta_vs_identity": {
          "mean": -2.2683320014128924e-06,
          "std": 4.380875545297605e-07
        },
        "val_accuracy": {
          "mean": 0.6975308641975309,
          "std": 0.01745942669596411
        },
        "test_accuracy": {
          "mean": 0.6716049382716051,
          "std": 0.07604377083671354
        },
        "val_output_mse": {
          "mean": 0.07132643875917384,
          "std": 0.0029799247492349845
        },
        "test_output_mse": {
          "mean": 0.07145622413697983,
          "std": 0.003750113421617587
        },
        "runtime_proxy_seconds": {
          "mean": 22.624467333333087,
          "std": 0.8107962744910077
        },
        "mechanism_gain_per_runtime": {
          "mean": 2.972955816502937e-05,
          "std": 4.875420204064789e-06
        },
        "mechanism_gain_per_epoch": {
          "mean": 5.269314300244416e-06,
          "std": 9.65947902417185e-07
        },
        "configured_residual_gain_per_runtime": {
          "mean": 9.98389862948916e-08,
          "std": 1.689538188022652e-08
        },
        "configured_residual_gain_per_epoch": {
          "mean": 1.7721343761038222e-08,
          "std": 3.422559019763754e-09
        },
        "selected_epoch": {
          "mean": 128.0,
          "std": 0.0
        }
      },
      "control": {
        "num_runs": 3,
        "one_step_mechanism_positive_rate": 1.0,
        "configured_step_mechanism_positive_rate": 1.0,
        "one_step_energy_delta_vs_identity": {
          "mean": -0.0006896891537088908,
          "std": 0.00010883603985944688
        },
        "configured_step_energy_delta_vs_identity": {
          "mean": -0.0006848087401235178,
          "std": 0.00011111970163117971
        },
        "configured_step_fixed_point_residual_delta_vs_identity": {
          "mean": -2.3026305832533627e-06,
          "std": 4.0220341161560303e-07
        },
        "val_accuracy": {
          "mean": 0.6864197530864198,
          "std": 0.022697254704753384
        },
        "test_accuracy": {
          "mean": 0.6777777777777777,
          "std": 0.07200822998230953
        },
        "val_output_mse": {
          "mean": 0.07104205235926393,
          "std": 0.0028166992668810795
        },
        "test_output_mse": {
          "mean": 0.07117600181963898,
          "std": 0.0036200199449037693
        },
        "runtime_proxy_seconds": {
          "mean": 34.67898606666555,
          "std": 0.9146777149664966
        },
        "mechanism_gain_per_runtime": {
          "mean": 1.9678826810580352e-05,
          "std": 2.6546709459154314e-06
        },
        "mechanism_gain_per_epoch": {
          "mean": 5.350068282214983e-06,
          "std": 8.681226689935915e-07
        },
        "configured_residual_gain_per_runtime": {
          "mean": 6.617562349164089e-08,
          "std": 1.0023557956587813e-08
        },
        "configured_residual_gain_per_epoch": {
          "mean": 1.7989301431666896e-08,
          "std": 3.1422141532468987e-09
        },
        "selected_epoch": {
          "mean": 128.0,
          "std": 0.0
        }
      },
      "pairwise": {
        "configured_step_energy_delta_vs_identity_delta": {
          "mean": 1.0336509692232543e-05,
          "std": 1.2529182783117489e-05
        },
        "configured_step_fixed_point_residual_delta_vs_identity_delta": {
          "mean": 3.4298581840470073e-08,
          "std": 4.0815789873204394e-08
        },
        "val_accuracy_delta": {
          "mean": 0.011111111111111108,
          "std": 0.005237828008789275
        },
        "test_accuracy_delta": {
          "mean": -0.006172839506172867,
          "std": 0.004619330107128349
        },
        "runtime_proxy_seconds_delta": {
          "mean": -12.054518733332467,
          "std": 0.9169677645527696
        },
        "configured_step_energy_gain_fraction": {
          "mean": -0.018292008103667438,
          "std": 0.019847621781825763
        },
        "configured_step_residual_gain_fraction": {
          "mean": -0.01799283779341236,
          "std": 0.018925794028950258
        },
        "mechanism_gain_per_runtime_delta": {
          "mean": 1.0050731354449019e-05,
          "std": 2.3253995889686398e-06
        },
        "mechanism_gain_per_epoch_delta": {
          "mean": -8.075398197056674e-08,
          "std": 9.788424049310538e-08
        }
      },
      "better_cost_effectiveness": false
    },
    "tier_256": {
      "candidate": {
        "num_runs": 3,
        "one_step_mechanism_positive_rate": 1.0,
        "configured_step_mechanism_positive_rate": 1.0,
        "one_step_energy_delta_vs_identity": {
          "mean": -0.0013224831757481976,
          "std": 0.00010285681996386886
        },
        "configured_step_energy_delta_vs_identity": {
          "mean": -0.0013042642699526152,
          "std": 0.00010057840211876545
        },
        "configured_step_fixed_point_residual_delta_vs_identity": {
          "mean": -3.970322456158043e-06,
          "std": 3.722349917800491e-07
        },
        "val_accuracy": {
          "mean": 0.7469135802469137,
          "std": 0.009720997375323247
        },
        "test_accuracy": {
          "mean": 0.7197530864197531,
          "std": 0.048979838086116965
        },
        "val_output_mse": {
          "mean": 0.0645184419305765,
          "std": 0.0033573309651636243
        },
        "test_output_mse": {
          "mean": 0.06467662862647162,
          "std": 0.004456943082182576
        },
        "runtime_proxy_seconds": {
          "mean": 44.50655400000081,
          "std": 0.7030558214905016
        },
        "mechanism_gain_per_runtime": {
          "mean": 2.933392475087565e-05,
          "std": 2.555180644815675e-06
        },
        "mechanism_gain_per_epoch": {
          "mean": 5.094782304502403e-06,
          "std": 3.9288438327642753e-07
        },
        "configured_residual_gain_per_runtime": {
          "mean": 8.932590072734355e-08,
          "std": 9.373539387580011e-09
        },
        "configured_residual_gain_per_epoch": {
          "mean": 1.5509072094367355e-08,
          "std": 1.4540429366408168e-09
        },
        "selected_epoch": {
          "mean": 256.0,
          "std": 0.0
        }
      },
      "control": {
        "num_runs": 3,
        "one_step_mechanism_positive_rate": 1.0,
        "configured_step_mechanism_positive_rate": 1.0,
        "one_step_energy_delta_vs_identity": {
          "mean": -0.001353648354671333,
          "std": 0.00013710385158320203
        },
        "configured_step_energy_delta_vs_identity": {
          "mean": -0.0013464605038717343,
          "std": 0.00013677739568762113
        },
        "configured_step_fixed_point_residual_delta_vs_identity": {
          "mean": -4.0279469750049745e-06,