{
  "phase": "Phase TF2",
  "stage": "adopted_package_unified_cone_robustness_diagnostic",
  "num_runs": 15,
  "by_candidate": {
    "adopted_control": {
      "num_runs": 5,
      "mean_val_accuracy": 0.8355555555555556,
      "std_val_accuracy": 0.04187642674104467,
      "mean_test_accuracy": 0.834074074074074,
      "std_test_accuracy": 0.020068469902435663,
      "mean_gate_passing_epoch_count": 16.8,
      "selected_epoch_passes_gate_rate": 1.0,
      "selector_fallback_used_rate": 0.0,
      "seed_gate_positive_rate": 1.0,
      "mean_val_report_output_mse": 0.06074065925219836,
      "std_val_report_output_mse": 0.0019686938777406893,
      "mean_val_supervised_transport_output_mse": 0.05174862970956438,
      "std_val_supervised_transport_output_mse": 0.0021017615513611587,
      "mean_val_delta_h_rms_rowspace": 0.15361602796209764,
      "mean_val_delta_h_rowspace_fraction": 0.5447906149156865,
      "mean_runtime_proxy_seconds": 17.93965818000015,
      "mean_gate_epoch_rate": 0.27999999999999997,
      "mean_val_accuracy_margin_mean": 0.5548518518518518,
      "mean_val_accuracy_margin_min": 0.02592592592592593,
      "mean_gate_energy_margin_mean": -0.042381203220852356,
      "mean_gate_energy_margin_min": -0.222275410169842,
      "mean_val_accuracy_volatility": 0.02934086629001883,
      "mean_val_transported_final_energy_volatility": 0.007019047148712418,
      "mean_best_vs_selected_val_accuracy_gap": 0.0,
      "mean_best_vs_selected_energy_gap": 0.009574925071377093,
      "mean_gate_failure_accuracy_only_fraction": 0.0,
      "mean_gate_failure_energy_only_fraction": 0.9903392754456585,
      "mean_gate_failure_both_fraction": 0.009660724554341577,
      "mean_negative_accuracy_margin_epoch_fraction": 0.006666666666666666,
      "mean_negative_gate_energy_margin_epoch_fraction": 0.72,
      "mean_severe_bad_epoch_fraction": 0.17333333333333334
    },
    "hard_interior_reference_20": {
      "num_runs": 5,
      "mean_val_accuracy": 0.8414814814814815,
      "std_val_accuracy": 0.03758118783397279,
      "mean_test_accuracy": 0.8414814814814815,
      "std_test_accuracy": 0.02505412522264853,
      "mean_gate_passing_epoch_count": 11.2,
      "selected_epoch_passes_gate_rate": 0.8,
      "selector_fallback_used_rate": 0.2,
      "seed_gate_positive_rate": 0.8,
      "mean_val_report_output_mse": 0.05941714802644984,
      "std_val_report_output_mse": 0.0015808096750538206,
      "mean_val_supervised_transport_output_mse": 0.05076601144181311,
      "std_val_supervised_transport_output_mse": 0.0019238237852066237,
      "mean_val_delta_h_rms_rowspace": 0.15078573069646167,
      "mean_val_delta_h_rowspace_fraction": 0.5335229795843764,
      "mean_runtime_proxy_seconds": 15.529347999999937,
      "mean_gate_epoch_rate": 0.18666666666666668,
      "mean_val_accuracy_margin_mean": 0.5660987654320987,
      "mean_val_accuracy_margin_min": 0.02592592592592593,
      "mean_gate_energy_margin_mean": -0.04364792913848033,
      "mean_gate_energy_margin_min": -0.2187413406143036,
      "mean_val_accuracy_volatility": 0.026603892027620847,
      "mean_val_transported_final_energy_volatility": 0.006941503103566319,
      "mean_best_vs_selected_val_accuracy_gap": 0.0,
      "mean_best_vs_selected_energy_gap": 0.006959457375093969,
      "mean_gate_failure_accuracy_only_fraction": 0.0,
      "mean_gate_failure_energy_only_fraction": 0.991153846153846,
      "mean_gate_failure_both_fraction": 0.008846153846153847,
      "mean_negative_accuracy_margin_epoch_fraction": 0.006666666666666666,
      "mean_negative_gate_energy_margin_epoch_fraction": 0.8133333333333332,
      "mean_severe_bad_epoch_fraction": 0.17666666666666667
    },
    "smooth_unified_reference_30": {
      "num_runs": 5,
      "mean_val_accuracy": 0.8392592592592593,
      "std_val_accuracy": 0.04284786626364316,
      "mean_test_accuracy": 0.8414814814814815,
      "std_test_accuracy": 0.02450049690154257,
      "mean_gate_passing_epoch_count": 12.4,
      "selected_epoch_passes_gate_rate": 1.0,
      "selector_fallback_used_rate": 0.0,
      "seed_gate_positive_rate": 1.0,
      "mean_val_report_output_mse": 0.059353827156500436,
      "std_val_report_output_mse": 0.001281172457722993,
      "mean_val_supervised_transport_output_mse": 0.050543909215742276,
      "std_val_supervised_transport_output_mse": 0.0012857999311752127,
      "mean_val_delta_h_rms_rowspace": 0.1516845927882507,
      "mean_val_delta_h_rowspace_fraction": 0.5376004474297094,
      "mean_runtime_proxy_seconds": 18.435787660000187,
      "mean_gate_epoch_rate": 0.20666666666666664,
      "mean_val_accuracy_margin_mean": 0.5649629629629629,
      "mean_val_accuracy_margin_min": 0.026666666666666672,
      "mean_gate_energy_margin_mean": -0.04358318234878603,
      "mean_gate_energy_margin_min": -0.2187226843892939,
      "mean_val_accuracy_volatility": 0.026566227244193347,
      "mean_val_transported_final_energy_volatility": 0.006930651143794424,
      "mean_best_vs_selected_val_accuracy_gap": 0.0037037037037036978,
      "mean_best_vs_selected_energy_gap": 0.004995530487755151,
      "mean_gate_failure_accuracy_only_fraction": 0.0,
      "mean_gate_failure_energy_only_fraction": 0.9909502262443439,
      "mean_gate_failure_both_fraction": 0.009049773755656108,
      "mean_negative_accuracy_margin_epoch_fraction": 0.006666666666666666,
      "mean_negative_gate_energy_margin_epoch_fraction": 0.7933333333333333,
      "mean_severe_bad_epoch_fraction": 0.17666666666666667
    }
  },
  "pairwise_vs_control": {
    "hard_interior_reference_20": {
      "shared_seeds": [
        0,
        1,
        2,
        3,
        4
      ],
      "mean_val_accuracy_delta": 0.005925925925925957,
      "mean_test_accuracy_delta": 0.0074074074074073955,
      "mean_gate_passing_epoch_count_delta": -5.6,
      "mean_selected_epoch_passes_gate_rate_delta": -0.2,
      "mean_selector_fallback_used_rate_delta": 0.2,
      "mean_seed_gate_positive_rate_delta": -0.2,
      "mean_val_report_output_mse_delta": -0.0013235112257485235,
      "mean_val_supervised_transport_output_mse_delta": -0.0009826182677512645,
      "mean_val_delta_h_rms_rowspace_delta": -0.0028302972656359783,
      "mean_val_delta_h_rowspace_fraction_delta": -0.011267635331310078,
      "mean_val_accuracy_volatility_delta": -0.002736974262397986,
      "mean_val_transported_final_energy_volatility_delta": -7.754404514609941e-05,
      "mean_negative_accuracy_margin_epoch_fraction_delta": 0.0,
      "mean_negative_gate_energy_margin_epoch_fraction_delta": 0.09333333333333334,
      "mean_gate_failure_accuracy_only_fraction_delta": 0.0,
      "mean_gate_failure_energy_only_fraction_delta": 0.0008145707081877118,
      "mean_gate_failure_both_fraction_delta": -0.0008145707081877292,
      "mean_severe_bad_epoch_fraction_delta": 0.0033333333333333327,
      "mean_runtime_proxy_seconds_delta": -2.410310180000215
    },
    "smooth_unified_reference_30": {
      "shared_seeds": [
        0,
        1,
        2,
        3,
        4
      ],
      "mean_val_accuracy_delta": 0.0037037037037037203,
      "mean_test_accuracy_delta": 0.007407407407407374,
      "mean_gate_passing_epoch_count_delta": -4.4,
      "mean_selected_epoch_passes_gate_rate_delta": 0.0,
      "mean_selector_fallback_used_rate_delta": 0.0,
      "mean_seed_gate_positive_rate_delta": 0.0,
      "mean_val_report_output_mse_delta": -0.001386832095697925,
      "mean_val_supervised_transport_output_mse_delta": -0.001204720493822091,
      "mean_val_delta_h_rms_rowspace_delta": -0.0019314351738469627,
      "mean_val_delta_h_rowspace_fraction_delta": -0.007190167485977161,
      "mean_val_accuracy_volatility_delta": -0.0027746390458254855,
      "mean_val_transported_final_energy_volatility_delta": -8.839600491799375e-05,
      "mean_negative_accuracy_margin_epoch_fraction_delta": 0.0,
      "mean_negative_gate_energy_margin_epoch_fraction_delta": 0.07333333333333332,