{
  "phase": "Phase TF2B",
  "stage": "interleaving_rescue_suite",
  "num_runs": 54,
  "anchor_preset_name": "tf2_corrective_transport_default",
  "current_tf2_corrective_transport_default_reference": {
    "config_key": "cad_terminal_only_mix_0_start_epoch_0",
    "preset_name": "tf2_corrective_transport_default",
    "theta_update_cadence": "terminal_only",
    "onpolicy_mix_ratio": 0.0,
    "interleaving_start": "epoch_0",
    "micro_steps": 4,
    "theta_update_budget": "matched",
    "checkpoint_selector": "gate_constrained_accuracy_then_val_accuracy",
    "num_runs": 3,
    "mean_val_accuracy": 0.8246913580246913,
    "std_val_accuracy": 0.028741843769932895,
    "mean_test_accuracy": 0.8197530864197531,
    "std_test_accuracy": 0.027104319012469347,
    "mean_gate_passing_epoch_count": 27.666666666666668,
    "mean_selected_epoch": 54.333333333333336,
    "mean_val_accuracy_gap_to_slow_pc": -0.03580246913580254,
    "mean_test_accuracy_gap_to_slow_pc": -0.07654320987654328
  },
  "mean_std_val_accuracy_by_configuration": {
    "cad_every_2_micro_steps_mix_0_start_after_warmup": {
      "mean": 0.7679012345679013,
      "std": 0.03088887902023903
    },
    "cad_every_2_micro_steps_mix_0_start_epoch_0": {
      "mean": 0.7580246913580245,
      "std": 0.0375682075424764
    },
    "cad_every_2_micro_steps_mix_0p25_start_after_warmup": {
      "mean": 0.7679012345679013,
      "std": 0.03088887902023903
    },
    "cad_every_2_micro_steps_mix_0p25_start_epoch_0": {
      "mean": 0.7555555555555555,
      "std": 0.034079441337882134
    },
    "cad_every_2_micro_steps_mix_0p5_start_after_warmup": {
      "mean": 0.7691358024691358,
      "std": 0.03261690077437753
    },
    "cad_every_2_micro_steps_mix_0p5_start_epoch_0": {
      "mean": 0.7555555555555555,
      "std": 0.034079441337882134
    },
    "cad_every_micro_step_mix_0_start_after_warmup": {
      "mean": 0.8037037037037037,
      "std": 0.02978355081929586
    },
    "cad_every_micro_step_mix_0_start_epoch_0": {
      "mean": 0.7975308641975308,
      "std": 0.029834681416282885
    },
    "cad_every_micro_step_mix_0p25_start_after_warmup": {
      "mean": 0.8061728395061728,
      "std": 0.026420906863003336
    },
    "cad_every_micro_step_mix_0p25_start_epoch_0": {
      "mean": 0.7950617283950617,
      "std": 0.026420906863003298
    },
    "cad_every_micro_step_mix_0p5_start_after_warmup": {
      "mean": 0.8061728395061728,
      "std": 0.026420906863003336
    },
    "cad_every_micro_step_mix_0p5_start_epoch_0": {
      "mean": 0.7975308641975308,
      "std": 0.027439642927028204
    },
    "cad_terminal_only_mix_0_start_after_warmup": {
      "mean": 0.8246913580246913,
      "std": 0.028741843769932895
    },
    "cad_terminal_only_mix_0_start_epoch_0": {
      "mean": 0.8246913580246913,
      "std": 0.028741843769932895
    },
    "cad_terminal_only_mix_0p25_start_after_warmup": {
      "mean": 0.825925925925926,
      "std": 0.028847707272957854
    },
    "cad_terminal_only_mix_0p25_start_epoch_0": {
      "mean": 0.825925925925926,
      "std": 0.028847707272957854
    },
    "cad_terminal_only_mix_0p5_start_after_warmup": {
      "mean": 0.825925925925926,
      "std": 0.03069087134482976
    },
    "cad_terminal_only_mix_0p5_start_epoch_0": {
      "mean": 0.8283950617283949,
      "std": 0.029371301860173647
    }
  },
  "mean_std_test_accuracy_by_configuration": {
    "cad_every_2_micro_steps_mix_0_start_after_warmup": {
      "mean": 0.7641975308641976,
      "std": 0.033447449837392756
    },
    "cad_every_2_micro_steps_mix_0_start_epoch_0": {
      "mean": 0.7716049382716049,
      "std": 0.033447449837392756
    },
    "cad_every_2_micro_steps_mix_0p25_start_after_warmup": {
      "mean": 0.7641975308641976,
      "std": 0.03176464279078666
    },
    "cad_every_2_micro_steps_mix_0p25_start_epoch_0": {
      "mean": 0.7728395061728395,
      "std": 0.03205124687838804
    },
    "cad_every_2_micro_steps_mix_0p5_start_after_warmup": {
      "mean": 0.7617283950617284,
      "std": 0.03176464279078671
    },
    "cad_every_2_micro_steps_mix_0p5_start_epoch_0": {
      "mean": 0.7728395061728395,
      "std": 0.03205124687838804
    },
    "cad_every_micro_step_mix_0_start_after_warmup": {
      "mean": 0.7999999999999999,
      "std": 0.019830096795319774
    },
    "cad_every_micro_step_mix_0_start_epoch_0": {
      "mean": 0.8049382716049384,
      "std": 0.016655231559545732
    },
    "cad_every_micro_step_mix_0p25_start_after_warmup": {
      "mean": 0.7999999999999999,
      "std": 0.019830096795319774
    },
    "cad_every_micro_step_mix_0p25_start_epoch_0": {
      "mean": 0.7962962962962963,
      "std": 0.027715980642769925
    },
    "cad_every_micro_step_mix_0p5_start_after_warmup": {
      "mean": 0.8012345679012345,
      "std": 0.022290703808972568
    },
    "cad_every_micro_step_mix_0p5_start_epoch_0": {
      "mean": 0.7950617283950617,
      "std": 0.026420906863003298
    },
    "cad_terminal_only_mix_0_start_after_warmup": {
      "mean": 0.8197530864197531,
      "std": 0.027104319012469347
    },
    "cad_terminal_only_mix_0_start_epoch_0": {
      "mean": 0.8197530864197531,
      "std": 0.027104319012469347
    },
    "cad_terminal_only_mix_0p25_start_after_warmup": {
      "mean": 0.8197530864197531,
      "std": 0.027104319012469347
    },
    "cad_terminal_only_mix_0p25_start_epoch_0": {
      "mean": 0.8197530864197531,
      "std": 0.027104319012469347
    },
    "cad_terminal_only_mix_0p5_start_after_warmup": {
      "mean": 0.8135802469135803,
      "std": 0.03331046311909146
    },
    "cad_terminal_only_mix_0p5_start_epoch_0": {
      "mean": 0.8135802469135802,
      "std": 0.035823748465547936
    }
  },
  "mean_gate_passing_epoch_count_by_configuration": {
    "cad_every_2_micro_steps_mix_0_start_after_warmup": 0.0,
    "cad_every_2_micro_steps_mix_0_start_epoch_0": 0.0,
    "cad_every_2_micro_steps_mix_0p25_start_after_warmup": 0.0,
    "cad_every_2_micro_steps_mix_0p25_start_epoch_0": 0.0,
    "cad_every_2_micro_steps_mix_0p5_start_after_warmup": 0.0,
    "cad_every_2_micro_steps_mix_0p5_start_epoch_0": 0.0,
    "cad_every_micro_step_mix_0_start_after_warmup": 11.666666666666666,
    "cad_every_micro_step_mix_0_start_epoch_0": 3.0,
    "cad_every_micro_step_mix_0p25_start_after_warmup": 11.666666666666666,
    "cad_every_micro_step_mix_0p25_start_epoch_0": 2.6666666666666665,
    "cad_every_micro_step_mix_0p5_start_after_warmup": 11.666666666666666,
    "cad_every_micro_step_mix_0p5_start_epoch_0": 2.6666666666666665,
    "cad_terminal_only_mix_0_start_after_warmup": 27.666666666666668,
    "cad_terminal_only_mix_0_start_epoch_0": 27.666666666666668,
    "cad_terminal_only_mix_0p25_start_after_warmup": 27.666666666666668,
    "cad_terminal_only_mix_0p25_start_epoch_0": 27.666666666666668,
    "cad_terminal_only_mix_0p5_start_after_warmup": 28.0,
    "cad_terminal_only_mix_0p5_start_epoch_0": 27.666666666666668
  },
  "pairwise_comparison_against_current_tf2_corrective_transport_default": {
    "cad_every_2_micro_steps_mix_0_start_after_warmup": {
      "mean_val_accuracy_delta": -0.05679012345679002,
      "mean_test_accuracy_delta": -0.05555555555555547,
      "mean_gate_passing_epoch_count_delta": -27.666666666666668,
      "mean_test_gap_to_slow_pc_delta": -0.05555555555555547
    },
    "cad_every_2_micro_steps_mix_0_start_epoch_0": {
      "mean_val_accuracy_delta": -0.06666666666666676,
      "mean_test_accuracy_delta": -0.04814814814814816,
      "mean_gate_passing_epoch_count_delta": -27.666666666666668,
      "mean_test_gap_to_slow_pc_delta": -0.04814814814814816
    },
    "cad_every_2_micro_steps_mix_0p25_start_after_warmup": {
      "mean_val_accuracy_delta": -0.05679012345679002,
      "mean_test_accuracy_delta": -0.05555555555555547,
      "mean_gate_passing_epoch_count_delta": -27.666666666666668,
      "mean_test_gap_to_slow_pc_delta": -0.05555555555555547
    },