{
  "phase": "Phase TF2",
  "stage": "adopted_package_output_sensitive_terminal_direction",
  "num_runs": 15,
  "reference_context_reused": true,
  "reference_context_path": "outputs/fmpc_tf2_gap_decomposition_suite/aggregate_summary.json",
  "by_candidate": {
    "adopted_control": {
      "num_runs": 5,
      "mean_val_accuracy": 0.8355555555555556,
      "std_val_accuracy": 0.04187642674104467,
      "mean_test_accuracy": 0.834074074074074,
      "std_test_accuracy": 0.020068469902435663,
      "mean_gate_passing_epoch_count": 16.8,
      "selected_epoch_passes_gate_rate": 1.0,
      "selector_fallback_used_rate": 0.0,
      "mean_val_transported_final_energy": 0.29883527640213287,
      "mean_val_report_output_mse": 0.06074065925219836,
      "std_val_report_output_mse": 0.0019686938777406893,
      "mean_test_report_output_mse": 0.06050089784540062,
      "std_test_report_output_mse": 0.0018479687366432262,
      "mean_val_supervised_transport_output_mse": 0.05174862970956438,
      "std_val_supervised_transport_output_mse": 0.0021017615513611587,
      "mean_test_supervised_transport_output_mse": 0.051521855132393955,
      "std_test_supervised_transport_output_mse": 0.0019424825606536766,
      "mean_val_delta_h_rms_total": 0.28198694536160185,
      "mean_val_delta_h_rms_rowspace": 0.15361602796209764,
      "mean_val_delta_h_rowspace_fraction": 0.5447906149156865,
      "mean_test_delta_h_rms_total": 0.281396173570196,
      "mean_test_delta_h_rms_rowspace": 0.15310916263101096,
      "mean_test_delta_h_rowspace_fraction": 0.5441489416624726,
      "mean_selected_epoch": 54.8,
      "mean_runtime_proxy_seconds": 20.052967299999
    },
    "rowspace_sensitive_terminal_angle_clip": {
      "num_runs": 5,
      "mean_val_accuracy": 0.7962962962962963,
      "std_val_accuracy": 0.03613721753377918,
      "mean_test_accuracy": 0.7896296296296297,
      "std_test_accuracy": 0.0351676369495384,
      "mean_gate_passing_epoch_count": 25.6,
      "selected_epoch_passes_gate_rate": 1.0,
      "selector_fallback_used_rate": 0.0,
      "mean_val_transported_final_energy": 0.31629959733364854,
      "mean_val_report_output_mse": 0.06578851488641961,
      "std_val_report_output_mse": 0.0025166479584150785,
      "mean_test_report_output_mse": 0.0655240388332367,
      "std_test_report_output_mse": 0.0023048929248306507,
      "mean_val_supervised_transport_output_mse": 0.055483639000911245,
      "std_val_supervised_transport_output_mse": 0.0026634089338138894,
      "mean_test_supervised_transport_output_mse": 0.05522635383575153,
      "std_test_supervised_transport_output_mse": 0.0024056842812995223,
      "mean_val_delta_h_rms_total": 0.27736389076100415,
      "mean_val_delta_h_rms_rowspace": 0.16508072412236258,
      "mean_val_delta_h_rowspace_fraction": 0.5948854208791747,
      "mean_test_delta_h_rms_total": 0.2769574285963699,
      "mean_test_delta_h_rms_rowspace": 0.16476457097790162,
      "mean_test_delta_h_rowspace_fraction": 0.5945754900916235,
      "mean_selected_epoch": 51.2,
      "mean_runtime_proxy_seconds": 19.73925606000048
    },
    "rowspace_sensitive_terminal_hard_replace_upper_bound": {
      "num_runs": 5,
      "mean_val_accuracy": 0.8103703703703703,
      "std_val_accuracy": 0.04574636342709485,
      "mean_test_accuracy": 0.8148148148148149,
      "std_test_accuracy": 0.01705313249366124,
      "mean_gate_passing_epoch_count": 24.4,
      "selected_epoch_passes_gate_rate": 1.0,
      "selector_fallback_used_rate": 0.0,
      "mean_val_transported_final_energy": 0.30404494728427317,
      "mean_val_report_output_mse": 0.06328603726087316,
      "std_val_report_output_mse": 0.00234523603373296,
      "mean_test_report_output_mse": 0.062957493951898,
      "std_test_report_output_mse": 0.0020649310049413745,
      "mean_val_supervised_transport_output_mse": 0.05290349394435988,
      "std_val_supervised_transport_output_mse": 0.0027530953421015902,
      "mean_test_supervised_transport_output_mse": 0.05261517394355155,
      "std_test_supervised_transport_output_mse": 0.0024932106590846237,
      "mean_val_delta_h_rms_total": 0.2795391700163455,
      "mean_val_delta_h_rms_rowspace": 0.16576798902690956,
      "mean_val_delta_h_rowspace_fraction": 0.593108185805368,
      "mean_test_delta_h_rms_total": 0.27936713946600555,
      "mean_test_delta_h_rms_rowspace": 0.16547980377773147,
      "mean_test_delta_h_rowspace_fraction": 0.5923511049334667,
      "mean_selected_epoch": 56.4,
      "mean_runtime_proxy_seconds": 18.584085539999798
    }
  },
  "pairwise_vs_control": {
    "rowspace_sensitive_terminal_angle_clip": {
      "shared_seeds": [
        0,
        1,
        2,
        3,
        4
      ],
      "mean_val_accuracy_delta": -0.03925925925925924,
      "mean_test_accuracy_delta": -0.04444444444444444,
      "mean_gate_passing_epoch_count_delta": 8.8,
      "mean_selected_epoch_passes_gate_rate_delta": 0.0,
      "mean_selector_fallback_used_rate_delta": 0.0,
      "mean_val_transported_final_energy_delta": 0.017464320931515676,
      "mean_val_report_output_mse_delta": 0.005047855634221254,
      "mean_test_report_output_mse_delta": 0.0050231409878360705,
      "mean_val_supervised_transport_output_mse_delta": 0.003735009291346872,
      "mean_test_supervised_transport_output_mse_delta": 0.0037044987033575715,
      "mean_val_delta_h_rms_total_delta": -0.004623054600597698,
      "mean_val_delta_h_rms_rowspace_delta": 0.011464696160264947,
      "mean_val_delta_h_rowspace_fraction_delta": 0.05009480596348823,
      "mean_test_delta_h_rms_total_delta": -0.00443874497382607,
      "mean_test_delta_h_rms_rowspace_delta": 0.011655408346890661,
      "mean_test_delta_h_rowspace_fraction_delta": 0.05042654842915088,
      "mean_runtime_proxy_seconds_delta": -0.3137112399985199
    },
    "rowspace_sensitive_terminal_hard_replace_upper_bound": {
      "shared_seeds": [
        0,
        1,
        2,
        3,
        4
      ],
      "mean_val_accuracy_delta": -0.0251851851851852,
      "mean_test_accuracy_delta": -0.019259259259259264,
      "mean_gate_passing_epoch_count_delta": 7.6,
      "mean_selected_epoch_passes_gate_rate_delta": 0.0,
      "mean_selector_fallback_used_rate_delta": 0.0,
      "mean_val_transported_final_energy_delta": 0.005209670882140327,
      "mean_val_report_output_mse_delta": 0.002545378008674798,
      "mean_test_report_output_mse_delta": 0.0024565961064973636,
      "mean_val_supervised_transport_output_mse_delta": 0.0011548642347955149,
      "mean_test_supervised_transport_output_mse_delta": 0.0010933188111575884,
      "mean_val_delta_h_rms_total_delta": -0.0024477753452563423,
      "mean_val_delta_h_rms_rowspace_delta": 0.012151961064811923,
      "mean_val_delta_h_rowspace_fraction_delta": 0.04831757088968145,
      "mean_test_delta_h_rms_total_delta": -0.002029034104190386,
      "mean_test_delta_h_rms_rowspace_delta": 0.012370641146720495,
      "mean_test_delta_h_rowspace_fraction_delta": 0.04820216327099398,
      "mean_runtime_proxy_seconds_delta": -1.4688817599992035
    }
  },
  "report_only_external_reference": {
    "canonical_slow_pc_digits_baseline": {
      "num_runs": 5,
      "mean_val_accuracy": 0.8792592592592593,
      "std_val_accuracy": 0.026563586780801663,
      "mean_test_accuracy": 0.8955555555555555,
      "std_test_accuracy": 0.01629629629629628,
      "mean_selected_epoch": 56.8,
      "mean_gate_passing_epoch_count": null,
      "selected_epoch_passes_gate_rate": null,
      "selector_fallback_used_rate": null,
      "seed_gate_positive_rate": null,
      "mean_val_report_output_mse": 0.04948317679384492,
      "mean_test_report_output_mse": 0.04890344586923494,
      "mean_val_supervised_output_mse": 0.048945864759788994,
      "mean_test_supervised_output_mse": 0.04837499618115772,
      "mean_val_internal_slow_pc_output_mse": 0.048945864759788994,
      "mean_test_internal_slow_pc_output_mse": 0.04837499618115772,