{
  "phase": "Phase TF2",
  "stage": "adopted_package_smooth_unified_cone_diagnostic",
  "num_runs": 10,
  "by_candidate": {
    "adopted_control": {
      "num_runs": 5,
      "mean_val_accuracy": 0.8355555555555556,
      "std_val_accuracy": 0.04187642674104467,
      "mean_test_accuracy": 0.834074074074074,
      "std_test_accuracy": 0.020068469902435663,
      "mean_gate_passing_epoch_count": 16.8,
      "selected_epoch_passes_gate_rate": 1.0,
      "selector_fallback_used_rate": 0.0,
      "mean_val_transported_final_energy": 0.29883527640213287,
      "mean_val_report_output_mse": 0.06074065925219836,
      "std_val_report_output_mse": 0.0019686938777406893,
      "mean_test_report_output_mse": 0.06050089784540062,
      "std_test_report_output_mse": 0.0018479687366432262,
      "mean_val_supervised_transport_output_mse": 0.05174862970956438,
      "std_val_supervised_transport_output_mse": 0.0021017615513611587,
      "mean_test_supervised_transport_output_mse": 0.051521855132393955,
      "std_test_supervised_transport_output_mse": 0.0019424825606536766,
      "mean_val_delta_h_rms_total": 0.28198694536160185,
      "mean_val_delta_h_rms_rowspace": 0.15361602796209764,
      "mean_val_delta_h_rms_orthogonal": 0.23644900039793287,
      "mean_val_delta_h_rowspace_fraction": 0.5447906149156865,
      "mean_test_delta_h_rms_total": 0.281396173570196,
      "mean_test_delta_h_rms_rowspace": 0.15310916263101096,
      "mean_test_delta_h_rms_orthogonal": 0.23605752737540966,
      "mean_test_delta_h_rowspace_fraction": 0.5441489416624726,
      "mean_selected_epoch": 54.8,
      "mean_runtime_proxy_seconds": 17.93965818000015,
      "mean_val_full_space_angle_raw_vs_lf_deg": 71.8742050466451,
      "mean_val_full_space_angle_stabilized_vs_lf_deg": 29.99999999999999,
      "mean_val_full_space_angle_improvement_deg": 41.874205046645116,
      "mean_val_full_space_correction_angle_deg": 41.87420504664511,
      "mean_val_rowspace_angle_raw_vs_lf_deg": 51.7691203566611,
      "mean_val_rowspace_angle_stabilized_vs_lf_deg": 13.144566462364844,
      "mean_val_rowspace_angle_improvement_deg": 38.624553894296255,
      "mean_val_rowspace_correction_angle_deg": 38.624553894296255,
      "mean_val_orthogonal_angle_raw_vs_lf_deg": 0.0,
      "mean_val_orthogonal_angle_stabilized_vs_lf_deg": 0.0,
      "mean_val_orthogonal_angle_improvement_deg": 0.0,
      "mean_val_orthogonal_correction_angle_deg": 2.6521083011602654e-07,
      "mean_val_subspace_correction_mismatch_deg": 38.624553629085426,
      "mean_val_full_cone_clip_activation_rate": 1.0,
      "mean_val_rowspace_clip_activation_rate": 1.0,
      "mean_val_orthogonal_clip_activation_rate": 1.0,
      "mean_val_full_space_angle_above_30deg_rate_after_stabilization": 0.0,
      "mean_val_raw_action_norm": 0.3319176895560101,
      "mean_val_local_field_action_norm": 0.0017512639913210535,
      "mean_val_stabilized_action_norm": 0.3319176895560101,
      "mean_val_raw_rowspace_norm": 0.16860212848617007,
      "mean_val_raw_orthogonal_norm": 0.2842115978451507,
      "mean_val_stabilized_rowspace_norm": 0.29554794711004334,
      "mean_val_stabilized_orthogonal_norm": 0.1508939534547019,
      "mean_val_row_orth_norm_ratio_raw": 0.5971993780829374,
      "mean_val_row_orth_norm_ratio_stabilized": 1.9629127814342167,
      "mean_val_row_orth_norm_ratio_abs_delta": 1.3657134033512794
    },
    "smooth_unified_cone_projection_30": {
      "num_runs": 5,
      "mean_val_accuracy": 0.8392592592592593,
      "std_val_accuracy": 0.04284786626364316,
      "mean_test_accuracy": 0.8414814814814815,
      "std_test_accuracy": 0.02450049690154257,
      "mean_gate_passing_epoch_count": 12.4,
      "selected_epoch_passes_gate_rate": 1.0,
      "selector_fallback_used_rate": 0.0,
      "mean_val_transported_final_energy": 0.2928640177881563,
      "mean_val_report_output_mse": 0.059353827156500436,
      "std_val_report_output_mse": 0.001281172457722993,
      "mean_test_report_output_mse": 0.059077947443284186,
      "std_test_report_output_mse": 0.0014373062227992241,
      "mean_val_supervised_transport_output_mse": 0.050543909215742276,
      "std_val_supervised_transport_output_mse": 0.0012857999311752127,
      "mean_test_supervised_transport_output_mse": 0.05028555100806857,
      "std_test_supervised_transport_output_mse": 0.0013854996769726868,
      "mean_val_delta_h_rms_total": 0.2821948664548778,
      "mean_val_delta_h_rms_rowspace": 0.1516845927882507,
      "mean_val_delta_h_rms_orthogonal": 0.23793621575639223,
      "mean_val_delta_h_rowspace_fraction": 0.5376004474297094,
      "mean_test_delta_h_rms_total": 0.2815177511228694,
      "mean_test_delta_h_rms_rowspace": 0.15109716119665756,
      "mean_test_delta_h_rms_orthogonal": 0.23748617069537156,
      "mean_test_delta_h_rowspace_fraction": 0.536827304255383,
      "mean_selected_epoch": 57.2,
      "mean_runtime_proxy_seconds": 18.435787660000187,
      "mean_val_full_space_angle_raw_vs_lf_deg": 72.31705094068325,
      "mean_val_full_space_angle_stabilized_vs_lf_deg": 24.092807656172663,
      "mean_val_full_space_angle_improvement_deg": 48.22424328451059,
      "mean_val_full_space_correction_angle_deg": 48.224243284510585,
      "mean_val_rowspace_angle_raw_vs_lf_deg": 52.35380882338262,
      "mean_val_rowspace_angle_stabilized_vs_lf_deg": 10.1807969950388,
      "mean_val_rowspace_angle_improvement_deg": 42.17301182834382,
      "mean_val_rowspace_correction_angle_deg": 42.17301182834382,
      "mean_val_orthogonal_angle_raw_vs_lf_deg": 0.0,
      "mean_val_orthogonal_angle_stabilized_vs_lf_deg": 0.0,
      "mean_val_orthogonal_angle_improvement_deg": 0.0,
      "mean_val_orthogonal_correction_angle_deg": 2.480169887652672e-07,
      "mean_val_subspace_correction_mismatch_deg": 42.17301158032683,
      "mean_val_full_cone_clip_activation_rate": 1.0,
      "mean_val_rowspace_clip_activation_rate": 1.0,
      "mean_val_orthogonal_clip_activation_rate": 1.0,
      "mean_val_full_space_angle_above_30deg_rate_after_stabilization": 0.0,
      "mean_val_raw_action_norm": 0.3318298947583312,
      "mean_val_local_field_action_norm": 0.0017703448735318546,
      "mean_val_stabilized_action_norm": 0.3318298947583312,
      "mean_val_raw_rowspace_norm": 0.16686631184867734,
      "mean_val_raw_orthogonal_norm": 0.2850517284983125,
      "mean_val_stabilized_rowspace_norm": 0.30776792038587003,
      "mean_val_stabilized_orthogonal_norm": 0.12352502918704496,
      "mean_val_row_orth_norm_ratio_raw": 0.5899007928018207,
      "mean_val_row_orth_norm_ratio_stabilized": 2.5191906267663695,
      "mean_val_row_orth_norm_ratio_abs_delta": 1.929289833964549
    }
  },
  "pairwise_vs_control": {
    "smooth_unified_cone_projection_30": {
      "shared_seeds": [
        0,
        1,
        2,
        3,
        4
      ],
      "mean_val_accuracy_delta": 0.0037037037037037203,
      "mean_test_accuracy_delta": 0.007407407407407374,
      "mean_gate_passing_epoch_count_delta": -4.4,
      "mean_selected_epoch_passes_gate_rate_delta": 0.0,
      "mean_selector_fallback_used_rate_delta": 0.0,
      "mean_val_transported_final_energy_delta": -0.005971258613976571,
      "mean_val_report_output_mse_delta": -0.001386832095697925,
      "mean_val_supervised_transport_output_mse_delta": -0.001204720493822091,
      "mean_val_delta_h_rms_total_delta": 0.00020792109327595344,
      "mean_val_delta_h_rms_rowspace_delta": -0.0019314351738469627,
      "mean_val_delta_h_rms_orthogonal_delta": 0.0014872153584593595,
      "mean_val_delta_h_rowspace_fraction_delta": -0.007190167485977161,
      "mean_val_full_space_angle_stabilized_vs_lf_deg_delta": -5.907192343827326,
      "mean_val_full_space_angle_above_30deg_rate_after_stabilization_delta": 0.0,
      "mean_val_subspace_correction_mismatch_deg_delta": 3.5484579512414043,
      "mean_val_row_orth_norm_ratio_abs_delta_delta": 0.5635764306132695,