{
  "phase": "Phase TF2",
  "stage": "adopted_package_unified_cone_shape_diagnostic",
  "num_runs": 15,
  "by_candidate": {
    "adopted_control": {
      "num_runs": 5,
      "mean_val_accuracy": 0.8355555555555556,
      "std_val_accuracy": 0.04187642674104467,
      "mean_test_accuracy": 0.834074074074074,
      "std_test_accuracy": 0.020068469902435663,
      "mean_gate_passing_epoch_count": 16.8,
      "selected_epoch_passes_gate_rate": 1.0,
      "selector_fallback_used_rate": 0.0,
      "mean_val_transported_final_energy": 0.29883527640213287,
      "mean_val_report_output_mse": 0.06074065925219836,
      "std_val_report_output_mse": 0.0019686938777406893,
      "mean_test_report_output_mse": 0.06050089784540062,
      "std_test_report_output_mse": 0.0018479687366432262,
      "mean_val_supervised_transport_output_mse": 0.05174862970956438,
      "std_val_supervised_transport_output_mse": 0.0021017615513611587,
      "mean_test_supervised_transport_output_mse": 0.051521855132393955,
      "std_test_supervised_transport_output_mse": 0.0019424825606536766,
      "mean_val_delta_h_rms_total": 0.28198694536160185,
      "mean_val_delta_h_rms_rowspace": 0.15361602796209764,
      "mean_val_delta_h_rms_orthogonal": 0.23644900039793287,
      "mean_val_delta_h_rowspace_fraction": 0.5447906149156865,
      "mean_test_delta_h_rms_total": 0.281396173570196,
      "mean_test_delta_h_rms_rowspace": 0.15310916263101096,
      "mean_test_delta_h_rms_orthogonal": 0.23605752737540966,
      "mean_test_delta_h_rowspace_fraction": 0.5441489416624726,
      "mean_selected_epoch": 54.8,
      "mean_runtime_proxy_seconds": 15.548272699999961,
      "mean_val_full_space_angle_raw_vs_lf_deg": 71.8742050466451,
      "mean_val_full_space_angle_stabilized_vs_lf_deg": 29.99999999999999,
      "mean_val_full_space_angle_improvement_deg": 41.874205046645116,
      "mean_val_full_space_correction_angle_deg": 41.87420504664511,
      "mean_val_rowspace_angle_raw_vs_lf_deg": 51.7691203566611,
      "mean_val_rowspace_angle_stabilized_vs_lf_deg": 13.144566462364844,
      "mean_val_rowspace_angle_improvement_deg": 38.624553894296255,
      "mean_val_rowspace_correction_angle_deg": 38.624553894296255,
      "mean_val_orthogonal_angle_raw_vs_lf_deg": 0.0,
      "mean_val_orthogonal_angle_stabilized_vs_lf_deg": 0.0,
      "mean_val_orthogonal_angle_improvement_deg": 0.0,
      "mean_val_orthogonal_correction_angle_deg": 2.6521083011602654e-07,
      "mean_val_subspace_correction_mismatch_deg": 38.624553629085426,
      "mean_val_full_cone_clip_activation_rate": 1.0,
      "mean_val_rowspace_clip_activation_rate": 1.0,
      "mean_val_orthogonal_clip_activation_rate": 1.0,
      "mean_val_full_space_angle_above_30deg_rate_after_stabilization": 0.0,
      "mean_val_raw_action_norm": 0.3319176895560101,
      "mean_val_local_field_action_norm": 0.0017512639913210535,
      "mean_val_stabilized_action_norm": 0.3319176895560101,
      "mean_val_raw_rowspace_norm": 0.16860212848617007,
      "mean_val_raw_orthogonal_norm": 0.2842115978451507,
      "mean_val_stabilized_rowspace_norm": 0.29554794711004334,
      "mean_val_stabilized_orthogonal_norm": 0.1508939534547019,
      "mean_val_row_orth_norm_ratio_raw": 0.5971993780829374,
      "mean_val_row_orth_norm_ratio_stabilized": 1.9629127814342167,
      "mean_val_row_orth_norm_ratio_abs_delta": 1.3657134033512794
    },
    "unified_cone_interior_margin_20": {
      "num_runs": 5,
      "mean_val_accuracy": 0.8414814814814815,
      "std_val_accuracy": 0.03758118783397279,
      "mean_test_accuracy": 0.8414814814814815,
      "std_test_accuracy": 0.02505412522264853,
      "mean_gate_passing_epoch_count": 11.2,
      "selected_epoch_passes_gate_rate": 0.8,
      "selector_fallback_used_rate": 0.2,
      "mean_val_transported_final_energy": 0.2940993813094773,
      "mean_val_report_output_mse": 0.05941714802644984,
      "std_val_report_output_mse": 0.0015808096750538206,
      "mean_test_report_output_mse": 0.05914096533461997,
      "std_test_report_output_mse": 0.001688560818706528,
      "mean_val_supervised_transport_output_mse": 0.05076601144181311,
      "std_val_supervised_transport_output_mse": 0.0019238237852066237,
      "mean_test_supervised_transport_output_mse": 0.05050912512838559,
      "std_test_supervised_transport_output_mse": 0.001966066944741563,
      "mean_val_delta_h_rms_total": 0.2826655181703258,
      "mean_val_delta_h_rms_rowspace": 0.15078573069646167,
      "mean_val_delta_h_rms_orthogonal": 0.2390595297072852,
      "mean_val_delta_h_rowspace_fraction": 0.5335229795843764,
      "mean_test_delta_h_rms_total": 0.28194025691021424,
      "mean_test_delta_h_rms_rowspace": 0.15016423715169472,
      "mean_test_delta_h_rms_orthogonal": 0.23857257666558224,
      "mean_test_delta_h_rowspace_fraction": 0.5326968370190291,
      "mean_selected_epoch": 56.2,
      "mean_runtime_proxy_seconds": 15.529347999999937,
      "mean_val_full_space_angle_raw_vs_lf_deg": 72.68180790747759,
      "mean_val_full_space_angle_stabilized_vs_lf_deg": 19.999999999999996,
      "mean_val_full_space_angle_improvement_deg": 52.68180790747759,
      "mean_val_full_space_correction_angle_deg": 52.68180790747759,
      "mean_val_rowspace_angle_raw_vs_lf_deg": 52.90550084381374,
      "mean_val_rowspace_angle_stabilized_vs_lf_deg": 8.337880697845046,
      "mean_val_rowspace_angle_improvement_deg": 44.5676201459687,
      "mean_val_rowspace_correction_angle_deg": 44.56762014596869,
      "mean_val_orthogonal_angle_raw_vs_lf_deg": 0.0,
      "mean_val_orthogonal_angle_stabilized_vs_lf_deg": 0.0,
      "mean_val_orthogonal_angle_improvement_deg": 0.0,
      "mean_val_orthogonal_correction_angle_deg": 2.608370950865722e-07,
      "mean_val_subspace_correction_mismatch_deg": 44.5676198851316,
      "mean_val_full_cone_clip_activation_rate": 1.0,
      "mean_val_rowspace_clip_activation_rate": 1.0,
      "mean_val_orthogonal_clip_activation_rate": 1.0,
      "mean_val_full_space_angle_above_30deg_rate_after_stabilization": 0.0,
      "mean_val_raw_action_norm": 0.33314474254720483,
      "mean_val_local_field_action_norm": 0.0017626198153361666,
      "mean_val_stabilized_action_norm": 0.33314474254720483,
      "mean_val_raw_rowspace_norm": 0.1666805722066833,
      "mean_val_raw_orthogonal_norm": 0.2867386084436782,
      "mean_val_stabilized_rowspace_norm": 0.3165674350730552,
      "mean_val_stabilized_orthogonal_norm": 0.10367083969719108,
      "mean_val_row_orth_norm_ratio_raw": 0.5853164118837834,
      "mean_val_row_orth_norm_ratio_stabilized": 3.0597510496764406,
      "mean_val_row_orth_norm_ratio_abs_delta": 2.4744346377926574
    },
    "unified_cone_relaxed_boundary_40": {
      "num_runs": 5,
      "mean_val_accuracy": 0.8266666666666665,
      "std_val_accuracy": 0.038160731473751854,
      "mean_test_accuracy": 0.8237037037037037,
      "std_test_accuracy": 0.026460105332580378,
      "mean_gate_passing_epoch_count": 20.4,
      "selected_epoch_passes_gate_rate": 1.0,
      "selector_fallback_used_rate": 0.0,
      "mean_val_transported_final_energy": 0.3024356527245591,
      "mean_val_report_output_mse": 0.06200992895586126,
      "std_val_report_output_mse": 0.0021352865412809425,
      "mean_test_report_output_mse": 0.06176917342535172,
      "std_test_report_output_mse": 0.001977926360480159,
      "mean_val_supervised_transport_output_mse": 0.05256629480638222,
      "std_val_supervised_transport_output_mse": 0.002275739327882192,
      "mean_test_supervised_transport_output_mse": 0.05233418323179845,
      "std_test_supervised_transport_output_mse": 0.002111882838302697,
      "mean_val_delta_h_rms_total": 0.2801791081629676,
      "mean_val_delta_h_rms_rowspace": 0.1562452785019129,
      "mean_val_delta_h_rms_orthogonal": 0.23253700430343138,
      "mean_val_delta_h_rowspace_fraction": 0.557544335779059,
      "mean_test_delta_h_rms_total": 0.2796673711903251,