{
  "phase": "FMPC Stage 06 Low-Budget Efficiency",
  "stage": "stage06_v1_low_budget_comparison",
  "candidate_name": "stage06_v1_objective_curriculum_energydrop_default",
  "matched_budget_control_name": "stage05_v3c_stronger_semigroup_weight",
  "comparison_protocol": {
    "dataset_name": "digits",
    "seeds": [
      0,
      1,
      2
    ],
    "batch_size": 128,
    "shuffle_batches": true,
    "layer_dims": [
      64,
      16,
      10
    ],
    "transport_steps": 2,
    "eval_steps": 15,
    "tier1_epochs": 128,
    "tier2_epochs": 256,
    "rescue_epochs": 512,
    "allow_rescue_tier3": true
  },
  "tier_summaries": {
    "tier_128": {
      "candidate": {
        "num_runs": 3,
        "one_step_mechanism_positive_rate": 1.0,
        "configured_step_mechanism_positive_rate": 1.0,
        "one_step_energy_delta_vs_identity": {
          "mean": -0.000686422845471435,
          "std": 0.000118082030573588
        },
        "configured_step_energy_delta_vs_identity": {
          "mean": -0.0006757147233540928,
          "std": 0.00012322522612815513
        },
        "configured_step_fixed_point_residual_delta_vs_identity": {
          "mean": -2.2723940002119178e-06,
          "std": 4.3762022092366325e-07
        },
        "val_accuracy": {
          "mean": 0.6950617283950619,
          "std": 0.01944199475064642
        },
        "test_accuracy": {
          "mean": 0.674074074074074,
          "std": 0.0743205774977403
        },
        "val_output_mse": {
          "mean": 0.07131710752714511,
          "std": 0.0029679191916370078
        },
        "test_output_mse": {
          "mean": 0.07144869124835541,
          "std": 0.0037398608342561856
        },
        "runtime_proxy_seconds": {
          "mean": 19.67403706666543,
          "std": 0.09782315853013208
        },
        "mechanism_gain_per_runtime": {
          "mean": 3.4319240621476176e-05,
          "std": 6.108320123183866e-06
        },
        "mechanism_gain_per_epoch": {
          "mean": 5.27902127620385e-06,
          "std": 9.62697079126212e-07
        },
        "configured_residual_gain_per_runtime": {
          "mean": 1.1539835736375607e-07,
          "std": 2.170366680322229e-08
        },
        "configured_residual_gain_per_epoch": {
          "mean": 1.7753078126655608e-08,
          "std": 3.418907975966119e-09
        },
        "selected_epoch": {
          "mean": 128.0,
          "std": 0.0
        }
      },
      "control": {
        "num_runs": 3,
        "one_step_mechanism_positive_rate": 1.0,
        "configured_step_mechanism_positive_rate": 1.0,
        "one_step_energy_delta_vs_identity": {
          "mean": -0.0006896891537088908,
          "std": 0.00010883603985944688
        },
        "configured_step_energy_delta_vs_identity": {
          "mean": -0.0006848087401235178,
          "std": 0.00011111970163117971
        },
        "configured_step_fixed_point_residual_delta_vs_identity": {
          "mean": -2.3026305832533627e-06,
          "std": 4.0220341161560303e-07
        },
        "val_accuracy": {
          "mean": 0.6864197530864198,
          "std": 0.022697254704753384
        },
        "test_accuracy": {
          "mean": 0.6777777777777777,
          "std": 0.07200822998230953
        },
        "val_output_mse": {
          "mean": 0.07104205235926393,
          "std": 0.0028166992668810795
        },
        "test_output_mse": {
          "mean": 0.07117600181963898,
          "std": 0.0036200199449037693
        },
        "runtime_proxy_seconds": {
          "mean": 31.135917333331843,
          "std": 0.17986059296143983
        },
        "mechanism_gain_per_runtime": {
          "mean": 2.1991729705196553e-05,
          "std": 3.540190633716748e-06
        },
        "mechanism_gain_per_epoch": {
          "mean": 5.350068282214983e-06,
          "std": 8.681226689935915e-07
        },
        "configured_residual_gain_per_runtime": {
          "mean": 7.396690370055133e-08,
          "std": 1.2931093156362863e-08
        },
        "configured_residual_gain_per_epoch": {
          "mean": 1.7989301431666896e-08,
          "std": 3.1422141532468987e-09
        },
        "selected_epoch": {
          "mean": 128.0,
          "std": 0.0
        }
      },
      "pairwise": {
        "configured_step_energy_delta_vs_identity_delta": {
          "mean": 9.09401676942497e-06,
          "std": 1.2162688122912407e-05
        },
        "configured_step_fixed_point_residual_delta_vs_identity_delta": {
          "mean": 3.0236583041444876e-08,
          "std": 3.899335281884712e-08
        },
        "val_accuracy_delta": {
          "mean": 0.00864197530864197,
          "std": 0.004619330107128349
        },
        "test_accuracy_delta": {
          "mean": -0.0037037037037037277,
          "std": 0.003024061410843434
        },
        "runtime_proxy_seconds_delta": {
          "mean": -11.461880266666412,
          "std": 0.23398029987063437
        },
        "configured_step_energy_gain_fraction": {
          "mean": -0.016352010572285355,
          "std": 0.019260922477164686
        },
        "configured_step_residual_gain_fraction": {
          "mean": -0.016178360355416848,
          "std": 0.018210486516992933
        },
        "mechanism_gain_per_runtime_delta": {
          "mean": 1.2327510916279621e-05,
          "std": 2.572792260178755e-06
        },
        "mechanism_gain_per_epoch_delta": {
          "mean": -7.104700601113258e-08,
          "std": 9.502100096025318e-08
        }
      },
      "better_cost_effectiveness": false
    },
    "tier_256": {
      "candidate": {
        "num_runs": 3,
        "one_step_mechanism_positive_rate": 1.0,
        "configured_step_mechanism_positive_rate": 1.0,
        "one_step_energy_delta_vs_identity": {
          "mean": -0.0013248816432597603,
          "std": 0.0001032551947132303
        },
        "configured_step_energy_delta_vs_identity": {
          "mean": -0.001306768276636246,
          "std": 0.00010091233369080643
        },
        "configured_step_fixed_point_residual_delta_vs_identity": {
          "mean": -3.975569074520645e-06,
          "std": 3.726938925804171e-07
        },
        "val_accuracy": {
          "mean": 0.7469135802469137,
          "std": 0.009720997375323247
        },
        "test_accuracy": {
          "mean": 0.7185185185185184,
          "std": 0.04978233371273073
        },
        "val_output_mse": {
          "mean": 0.06450244625148961,
          "std": 0.0033348151140609517
        },
        "test_output_mse": {
          "mean": 0.06465951160861737,
          "std": 0.0044367076641180295
        },
        "runtime_proxy_seconds": {
          "mean": 40.276782099997945,
          "std": 0.16964204364944904
        },
        "mechanism_gain_per_runtime": {
          "mean": 3.243518273888399e-05,
          "std": 2.3697851807226248e-06
        },
        "mechanism_gain_per_epoch": {
          "mean": 5.104563580610336e-06,
          "std": 3.941888034797126e-07
        },
        "configured_residual_gain_per_runtime": {
          "mean": 9.867283698343143e-08,
          "std": 8.867800853277497e-09
        },
        "configured_residual_gain_per_epoch": {
          "mean": 1.552956669734627e-08,
          "std": 1.4558355178922544e-09
        },
        "selected_epoch": {
          "mean": 256.0,
          "std": 0.0
        }
      },
      "control": {
        "num_runs": 3,
        "one_step_mechanism_positive_rate": 1.0,
        "configured_step_mechanism_positive_rate": 1.0,
        "one_step_energy_delta_vs_identity": {
          "mean": -0.001353648354671333,
          "std": 0.00013710385158320203
        },
        "configured_step_energy_delta_vs_identity": {
          "mean": -0.0013464605038717343,
          "std": 0.00013677739568762113
        },
        "configured_step_fixed_point_residual_delta_vs_identity": {
          "mean": -4.0279469750049745e-06,